Unnamed: 0,original,scored_text,distance,score,ner_overlap
0,"Вели́кое кня́жество Влади́мирское, до 1157года — Су́здальское княжество— русское княжество XII—XIVвеков, ставшее ядром современного Российского государстваВ узком смысле— территория, которой лично владел великий князь владимирский, в широком смысле— территория всех княжеств, выделившихся из Владимирского и зависимых от владимирского князя С середины XIII века сюзеренитет великих князей владимирских  признавали также Новгородская[2][3] и, с небольшими перерывами, Псковская республики[4]"," С середины XIII века сюзеренитет великих князей владимирских  признавали также Новгородская[2][3] и, с небольшими перерывами, Псковская республики[4]В узком смысле— территория, которой лично владел великий князь владимирский, в широком смысле— территория всех княжеств, выделившихся из Владимирского и зависимых от владимирского князяВели́кое кня́жество Влади́мирское, до 1157года — Су́здальское княжество— русское княжество XII—XIVвеков, ставшее ядром современного Российского государства",0.923924207687378,5,0.9333333333333333
1,"Новгоро́дская респу́блика — севернорусское средневековое государство, существовавшее с 1136 года по 1478 год В период наибольшего расцвета, кроме Новгородской земли в узком смысле, включала также территории от Балтийского моря на западе до Уральских гор на востоке и от Белого моря на севере до верховьев Волги и Западной Двины на юге Находясь с 1245 года под сюзеренитетом великих князей владимирских[1][2], титул которых с XIV века стали наследовать исключительно московские князья, Новгородская республика в 1478 году была завоёвана Иваном III и полностью вошла в состав централизованного Русского государства"," Находясь с 1245 года под сюзеренитетом великих князей владимирских[1][2], титул которых с XIV века стали наследовать исключительно московские князья, Новгородская республика в 1478 году была завоёвана Иваном III и полностью вошла в состав централизованного Русского государства В период наибольшего расцвета, кроме Новгородской земли в узком смысле, включала также территории от Балтийского моря на западе до Уральских гор на востоке и от Белого моря на севере до верховьев Волги и Западной Двины на югеНовгоро́дская респу́блика — севернорусское средневековое государство, существовавшее с 1136 года по 1478 год",0.9081195592880248,5,0.8636363636363636
2,"Вели́кое кня́жество Лито́вское— восточноевропейское государство, существовавшее с середины XIII века по 1795 год на территории современных Белоруссии  Обширные земли Руси, попавшие под власть Великого княжества Литовского и составлявшие львиную долю его территории, именуются Литовской РусьюС 1385 года находилось в личной унии с Королевством Польским, а с 1569 года— в сеймовой Люблинской унии в составе федеративной Речи Посполитой","С 1385 года находилось в личной унии с Королевством Польским, а с 1569 года— в сеймовой Люблинской унии в составе федеративной Речи Посполитой Обширные земли Руси, попавшие под власть Великого княжества Литовского и составлявшие львиную долю его территории, именуются Литовской РусьюВели́кое кня́жество Лито́вское— восточноевропейское государство, существовавшее с середины XIII века по 1795 год на территории современных Белоруссии ",0.8618826270103455,5,0.7368421052631579
3,"Вели́кое кня́жество Моско́вское— средневековое русское княжество, существовавшее с 1263 по 1478 годы[1] Первоначально удел Великого княжества Владимирского, соперничавший с другими удельными княжествами за великокняжеский ярлык, выдаваемый ордынскими ханами Возвышению Москвы и укреплению её авторитета на Руси способствовал перенос кафедры киевского митрополита Петра из Владимира в Москву в 1325 году"," Возвышению Москвы и укреплению её авторитета на Руси способствовал перенос кафедры киевского митрополита Петра из Владимира в Москву в 1325 году Первоначально удел Великого княжества Владимирского, соперничавший с другими удельными княжествами за великокняжеский ярлык, выдаваемый ордынскими ханамиВели́кое кня́жество Моско́вское— средневековое русское княжество, существовавшее с 1263 по 1478 годы[1]",0.9014164209365844,5,0.9375
4,"Оле́г — князь Новгородский с 879 года и великий князь Киевский с 882 годаПолучив власть над новгородскими землями после смерти Рюрика, как регент его малолетнего сына Игоря, Олег захватил Киев и перенёс туда столицу, объединив тем самым два главных центра восточных славян "," Получив власть над новгородскими землями после смерти Рюрика, как регент его малолетнего сына Игоря, Олег захватил Киев и перенёс туда столицу, объединив тем самым два главных центра восточных славянОле́г — князь Новгородский с 879 года и великий князь Киевский с 882 года",0.9165088534355164,5,0.9
5,"Святосла́в Яросла́вич, в крещении Николай[1]  годом: «Родися третий сынъ Ярославу, и нарече имя ему Святославъ»[3] Второй раз в 1054 году, когда Ярослав поделил Русь между сыновьями"," Второй раз в 1054 году, когда Ярослав поделил Русь между сыновьями»[3]Святосла́в Яросла́вич, в крещении Николай[1]  годом: «Родися третий сынъ Ярославу, и нарече имя ему Святославъ",0.9031904339790344,5,0.9166666666666666
6,"Святопо́лк В 1069 году отец посадил Святополка в Полоцке на место умершего Мстислава[2] В 1071 году Всеслав Брячиславич, прежний князь Полоцкий, вернул себе волость"," В 1071 году Всеслав Брячиславич, прежний князь Полоцкий, вернул себе волостьВ 1069 году отец посадил Святополка в Полоцке на место умершего Мстислава[2]Святопо́лк ",0.9112085700035096,5,1.0
7,"Влади́мир Все́володович Монома́х , государственный деятель, военачальник, писатель, мыслитель На сохранившихся печатях Владимир Мономах использовал также титул архонт всея земли Русской, на манер византийского титула[3][4]Владимир Мономах был сыном князя Всеволода Ярославича","Владимир Мономах был сыном князя Всеволода Ярославича На сохранившихся печатях Владимир Мономах использовал также титул архонт всея земли Русской, на манер византийского титула[3][4]Влади́мир Все́володович Монома́х , государственный деятель, военачальник, писатель, мыслитель",0.9334312081336976,5,1.0
8,"Яропо́лк Влади́мирович — сын Владимира Мономаха, князь переяславский, великий князь киевский с 1132 При нём распалось единое Древнерусское государствоЯрополк родился, вероятнее всего, в Чернигове, где тогда княжил его отец Владимир Мономах","Ярополк родился, вероятнее всего, в Чернигове, где тогда княжил его отец Владимир Мономах При нём распалось единое Древнерусское государствоЯропо́лк Влади́мирович — сын Владимира Мономаха, князь переяславский, великий князь киевский с 1132",0.9335373044013976,5,0.5714285714285714
9,Все́волод О́льгович Всеволод был старшим сыном князя Олега Святославича[2] В 1111 году он вместе с другими князьями принимал участие в походе на половцев, В 1111 году он вместе с другими князьями принимал участие в походе на половцевВсеволод был старшим сыном князя Олега Святославича[2]Все́волод О́льгович ,0.908122181892395,5,0.8
10,"Ростисла́в Мстисла́вич  сын Мстислава, внук Владимира Мономаха Мать— Христина Шведская, дочь шведского короля Инге СтаршегоРостислав был лучшим блюстителем народных вечевых прав","Ростислав был лучшим блюстителем народных вечевых прав Мать— Христина Шведская, дочь шведского короля Инге СтаршегоРостисла́в Мстисла́вич  сын Мстислава, внук Владимира Мономаха",0.9122120141983032,5,0.8888888888888888
11,"Глеб Ю́рьевич — князь Переяславский и Киевский, сын Юрия Долгорукого от брака с дочерью половецкого хана Аепы, брат Андрея БоголюбскогоВпервые упоминается в летописи в 1146/47 году В этом году 24 февраля в Колтеске умер его брат, курский князь Иван"," В этом году 24 февраля в Колтеске умер его брат, курский князь ИванВпервые упоминается в летописи в 1146/47 годуГлеб Ю́рьевич — князь Переяславский и Киевский, сын Юрия Долгорукого от брака с дочерью половецкого хана Аепы, брат Андрея Боголюбского",0.8873586058616638,5,0.7692307692307693
12,"Роман Ростиславич В 1151 году помогал Изяславу Мстиславичу отстаивать Киев от Юрия Долгорукого, много содействовал поражению последнего при реке Руте и защищал от него Чернигов В следующем году помогал Изяславу против Святослава Ольговича"," В следующем году помогал Изяславу против Святослава ОльговичаВ 1151 году помогал Изяславу Мстиславичу отстаивать Киев от Юрия Долгорукого, много содействовал поражению последнего при реке Руте и защищал от него ЧерниговРоман Ростиславич ",0.9196146130561828,5,0.8181818181818182
13,"Рюрик Ростиславич[6][7][8]После смерти отца в 1167 году Рюрик остался княжить в Овруче, вытребовав владения у нового киевского князя и своего двоюродного брата Мстислава Изяславича Конфликтом за киевские волости воспользовался Андрей Боголюбский, и в 1169 году взял Киев для своего брата Глеба Юрьевича"," Конфликтом за киевские волости воспользовался Андрей Боголюбский, и в 1169 году взял Киев для своего брата Глеба ЮрьевичаПосле смерти отца в 1167 году Рюрик остался княжить в Овруче, вытребовав владения у нового киевского князя и своего двоюродного брата Мстислава ИзяславичаРюрик Ростиславич[6][7][8]",0.9018374681472778,5,0.7692307692307693
14,"Ростисла́в Рю́рикович , произошедшем во время пребывания «на Лучине» на пути из Новгорода в Смоленск, сообщается в Ипатьевской летописи, в сюжете под 1173 годом[3] В 1172 году «дасть ему отець его Лучин город в нем же родися»","дасть ему отець его Лучин город в нем же родися» В 1172 году «Ростисла́в Рю́рикович , произошедшем во время пребывания «на Лучине» на пути из Новгорода в Смоленск, сообщается в Ипатьевской летописи, в сюжете под 1173 годом[3]",0.919216513633728,5,1.0
15,Яросла́в  родился 8 февраля 1191г в Переяславле Залесском 27 апреля 1194г, 27 апреля 1194г в Переяславле ЗалесскомЯросла́в  родился 8 февраля 1191г,0.9082199931144714,5,0.8
16,"Ростислав Мстиславич— Занял смоленский престол по смерти Мстислава Давыдовича в 1230 году В 1232 году был изгнан Святославом Мстиславичем, пришедшим с полоцкими войсками"," В 1232 году был изгнан Святославом Мстиславичем, пришедшим с полоцкими войскамиЗанял смоленский престол по смерти Мстислава Давыдовича в 1230 годуРостислав Мстиславич— ",0.8921184539794922,5,0.5555555555555556
17,"Дании́л Рома́нович  и Ефросиньи-АнныПосле гибели отца в 1205 году стал галицким князем, но вскоре лишился престола С 1215 года княжил на Волыни и к 1231 году завершил объединение волынских земель"," С 1215 года княжил на Волыни и к 1231 году завершил объединение волынских земельПосле гибели отца в 1205 году стал галицким князем, но вскоре лишился престолаДании́л Рома́нович  и Ефросиньи-Анны",0.8938224315643309,5,0.8181818181818182
18,"Алекса́ндр Яросла́вич Не́вский[комм 1]  Мстиславны, торопецкой княжны, дочери князя новгородского и галицкого Мстислава Удатного[2] По мнению историка Ю"," По мнению историка Ю 1]  Мстиславны, торопецкой княжны, дочери князя новгородского и галицкого Мстислава Удатного[2]Алекса́ндр Яросла́вич Не́вский[комм",0.9249184131622314,5,0.8571428571428571
19,"Ю́рий Третий сын Великого князя Владимирского Всеволода Юрьевича Большое Гнездо от первого брака, с Марией Шварновной Канонизирован Русской православной церковью в лике благоверных князей"," Канонизирован Русской православной церковью в лике благоверных князейТретий сын Великого князя Владимирского Всеволода Юрьевича Большое Гнездо от первого брака, с Марией ШварновнойЮ́рий ",0.9039799571037292,5,0.5714285714285714
20,"Константи́н Все́володович  До 1205 года он находился при отце, присутствуя, как представитель последнего, при освящении церквей во Владимире и участвуя в 1198 году в походе к Дону на половцев В конце 1190-х годов недолго княжил в Переяславле-Южном"," В конце 1190-х годов недолго княжил в Переяславле-Южном До 1205 года он находился при отце, присутствуя, как представитель последнего, при освящении церквей во Владимире и участвуя в 1198 году в походе к Дону на половцевКонстанти́н Все́володович ",0.9087395668029784,5,0.8888888888888888
21,"Святосла́в Все́володович  февраля и в Соборе Владимирских святыхВ январе 1200 года он был назначен на княжение в Новгороде, а затем был сменён старшим братом, Константином в 1205 г и снова вернулся в Новгород 9 февраля 1208 года[2] Однако, уже следующей зимой Святослав был захвачен пригласившими на княжение Мстислава Удатного новгородцами и освобождён после похода владимирских войск во главе со старшими Всеволодовичами на Торжок"," Однако, уже следующей зимой Святослав был захвачен пригласившими на княжение Мстислава Удатного новгородцами и освобождён после похода владимирских войск во главе со старшими Всеволодовичами на Торжок и снова вернулся в Новгород 9 февраля 1208 года[2]Святосла́в Все́володович  февраля и в Соборе Владимирских святыхВ январе 1200 года он был назначен на княжение в Новгороде, а затем был сменён старшим братом, Константином в 1205 г",0.9014404416084291,5,0.7368421052631579
22,"Васи́лий Яросла́вич  Младший сын Ярослава Всеволодовича, великого князя киевского и владимирскогоРодился в городе Владимире","Родился в городе Владимире Младший сын Ярослава Всеволодовича, великого князя киевского и владимирскогоВаси́лий Яросла́вич ",0.8910274505615234,5,0.4
23,"Андре́й Алекса́ндрович, Андре́й Городе́цкий Из рода Рюриковичей, третий сын Александра Невского По завещанию отца получил в удел выделенное из состава Суздальского Городецкое княжество, которое оставалось в его владении до самой смерти"," По завещанию отца получил в удел выделенное из состава Суздальского Городецкое княжество, которое оставалось в его владении до самой смертиИз рода Рюриковичей, третий сын Александра НевскогоАндре́й Алекса́ндрович, Андре́й Городе́цкий ",0.8681891560554504,5,0.5
24,"Это статья о тверском и великом владимирском князе О московском князе, около года занимавшем владимирский престол, см Михаил Ярославич ХоробритМихаи́л Яросла́вич "," Михаил Ярославич ХоробритМихаи́л Яросла́вич  О московском князе, около года занимавшем владимирский престол, смЭто статья о тверском и великом владимирском князе",0.908312439918518,5,0.6
25,"Ю́рий — московский князь в 1303—1325, великий князь Владимирский в 1318—1322, князь Новгородский в 1322—1325Старший сын московского князя Даниила Александровича, внук Александра Невского Княжил в Переславле-Залесском, а с 1303года— в Москве"," Княжил в Переславле-Залесском, а с 1303года— в МосквеСтарший сын московского князя Даниила Александровича, внук Александра НевскогоЮ́рий — московский князь в 1303—1325, великий князь Владимирский в 1318—1322, князь Новгородский в 1322—1325",0.9076042175292968,5,0.7647058823529411
26,"Алекса́ндр Миха́йлович  Убит в Орде вместе с сыном ФёдоромВ 1318 году Великий князь Тверской Михаил Ярославич, отправляясь в Орду, разделил свою вотчину между Александром и его старшим братом, Дмитрием Грозные Очи","В 1318 году Великий князь Тверской Михаил Ярославич, отправляясь в Орду, разделил свою вотчину между Александром и его старшим братом, Дмитрием Грозные Очи Убит в Орде вместе с сыном ФёдоромАлекса́ндр Миха́йлович ",0.8966171145439148,5,0.8181818181818182
27,"Семён Ива́нович  И все князья Владимирской Руси, не желая наследника Калиты— Симеона Ивановича,— предлагали хану выдать ярлык на великое княжение Владимирское Константину Васильевичу Суздальскому, старшему из них по лествичному правуПока Симеон находился в Орде, в Москве вспыхнула первая крупная рознь между боярами, вызванная смертью московского тысяцкого Протасия Фёдоровича, который был тысяцким при Данииле Александровиче и Юрии и Иване Данииловичах","Пока Симеон находился в Орде, в Москве вспыхнула первая крупная рознь между боярами, вызванная смертью московского тысяцкого Протасия Фёдоровича, который был тысяцким при Данииле Александровиче и Юрии и Иване Данииловичах И все князья Владимирской Руси, не желая наследника Калиты— Симеона Ивановича,— предлагали хану выдать ярлык на великое княжение Владимирское Константину Васильевичу Суздальскому, старшему из них по лествичному правуСемён Ива́нович ",0.8888435363769531,5,0.9333333333333333
28,"Дми́трий Ива́нович  Сын князя Ивана II Красного и его второй жены, княгини Александры ИвановныВ правление Дмитрия Московское княжество стало одним из главных центров объединения русских земель, а Владимирское великое княжество стало наследственной собственностью московских князей, хотя при этом из-под его влияния вышли Тверское и Смоленское княжества","В правление Дмитрия Московское княжество стало одним из главных центров объединения русских земель, а Владимирское великое княжество стало наследственной собственностью московских князей, хотя при этом из-под его влияния вышли Тверское и Смоленское княжества Сын князя Ивана II Красного и его второй жены, княгини Александры ИвановныДми́трий Ива́нович ",0.9086259007453918,5,0.8181818181818182
29,"Васи́лий I Дми́триевич — великий князь московский и владимирский с 1389 года, старший сын Дмитрия Ивановича Донского и великой княгини Евдокии, дочери великого князя нижегородско-суздальского Дмитрия Константиновича Был женат на Софье— единственной дочери великого князя литовского ВитовтаРодился за день до празднования памяти святого Василия Кесарийского, и получил имя в его честь, в дальнейшем изображал его на своих печатях[1]","Родился за день до празднования памяти святого Василия Кесарийского, и получил имя в его честь, в дальнейшем изображал его на своих печатях[1] Был женат на Софье— единственной дочери великого князя литовского ВитовтаВаси́лий I Дми́триевич — великий князь московский и владимирский с 1389 года, старший сын Дмитрия Ивановича Донского и великой княгини Евдокии, дочери великого князя нижегородско-суздальского Дмитрия Константиновича",0.8894358277320862,5,0.8461538461538461
30,"Ю́рий Дми́триевич  Юрий был очень популярен как удачливый полководец и опытный дипломат, а также покровитель искусств и литературы Был женат на Анастасии, дочери великого князя смоленского Юрия Святославича"," Был женат на Анастасии, дочери великого князя смоленского Юрия Святославича Юрий был очень популярен как удачливый полководец и опытный дипломат, а также покровитель искусств и литературыЮ́рий Дми́триевич ",0.910639464855194,5,0.8
31,"СостояниеотпатрулированаДми́трий Ю́рьевич Шемя́ка — Великий князь Московский, а также князь Углицкий, князь Галицкий; сын Великого князя Московского Юрия Дмитриевича и княгини Анастасии Юрьевны, дочери последнего великого князя Смоленского Юрия Святославича, один из главных участников Междоусобной войны второй четверти XV века[2]:32[2]:95[3]:194, 195, 212 В летописях Дмитрий Юрьевич упоминается с 1433 года[4]:106 Точная дата рождения неизвестна[4]:106, в литературе встречаются указания на разные годы"," Точная дата рождения неизвестна[4]:106, в литературе встречаются указания на разные годы В летописях Дмитрий Юрьевич упоминается с 1433 года[4]:106СостояниеотпатрулированаДми́трий Ю́рьевич Шемя́ка — Великий князь Московский, а также князь Углицкий, князь Галицкий; сын Великого князя Московского Юрия Дмитриевича и княгини Анастасии Юрьевны, дочери последнего великого князя Смоленского Юрия Святославича, один из главных участников Междоусобной войны второй четверти XV века[2]:32[2]:95[3]:194, 195, 212",0.904771089553833,5,0.9166666666666666
32,"Ива́н Ива́нович Молодо́й — удельный князь Тверской, сын и наследник великого князя Московского Ивана III Васильевича и его первой жены Марии Борисовны, дочери великого князя тверского Бориса Александровича и сестры правящего в Твери Михаила Борисовича Как племянник Михаила Борисовича, у которого не было сыновей, претендовал на наследование Великого княжества ТверскогоРодился 15 февраля 1458 года","Родился 15 февраля 1458 года Как племянник Михаила Борисовича, у которого не было сыновей, претендовал на наследование Великого княжества ТверскогоИва́н Ива́нович Молодо́й — удельный князь Тверской, сын и наследник великого князя Московского Ивана III Васильевича и его первой жены Марии Борисовны, дочери великого князя тверского Бориса Александровича и сестры правящего в Твери Михаила Борисовича",0.9046511054039,5,0.8571428571428571
33,"Васи́лий III Иванович, по прямому имени Гавриил, в постриге Варлаам — великий князь владимирский и московский в 1505—1533, государь всея Руси Сын Ивана III Великого и Софии Палеолог, отец Ивана IV Грозного В период его правления продолжился процесс собирания русских земель, в централизованное Русское государство вошли Псков, Смоленск и Рязань"," В период его правления продолжился процесс собирания русских земель, в централизованное Русское государство вошли Псков, Смоленск и Рязань Сын Ивана III Великого и Софии Палеолог, отец Ивана IV ГрозногоВаси́лий III Иванович, по прямому имени Гавриил, в постриге Варлаам — великий князь владимирский и московский в 1505—1533, государь всея Руси",0.8959710597991943,5,0.7333333333333333
34,"Фёдор I Ива́нович, известен также по имени Феодор Блаженный, Когда родился Фёдор, Иван Грозный повелел построить церковь в Феодоровском монастыре города Переславль-Залесский Этот храм в честь Феодора Стратилата стал главным собором монастыря и сохранился до настоящего времени"," Этот храм в честь Феодора Стратилата стал главным собором монастыря и сохранился до настоящего времениКогда родился Фёдор, Иван Грозный повелел построить церковь в Феодоровском монастыре города Переславль-ЗалесскийФёдор I Ива́нович, известен также по имени Феодор Блаженный, ",0.9000716805458069,5,0.5555555555555556
35,"Ирина Фёдоровна, урождённая   Годунова, в иночестве Александра — сестра Бориса Годунова и супруга царя Фёдора І Иоанновича, номинальная правительница на русском престоле после смерти Фёдора І Иоанновича и до избрания царём Бориса Годунова с 16 января по 21 февраля 1598 годаО дате и месте её рождения сведений нет Она была взята в царские палаты в возрасте семи лет и воспитывалась там до брака[1]"," Она была взята в царские палаты в возрасте семи лет и воспитывалась там до брака[1]О дате и месте её рождения сведений нетИрина Фёдоровна, урождённая   Годунова, в иночестве Александра — сестра Бориса Годунова и супруга царя Фёдора І Иоанновича, номинальная правительница на русском престоле после смерти Фёдора І Иоанновича и до избрания царём Бориса Годунова с 16 января по 21 февраля 1598 года",0.9021537303924559,5,0.9166666666666666
36,"Бори́с Фёдорович Годуно́в  По Государеву родословцу, составленному около 1555 года, у Дмитрия Зерно «было три сына: Иван, да Констянтин Шея, бездетен, да Дмитрей А у Ивана Дмитреевича дети: Фёдор Сабур, Данило Подольской, бездетен, да Иван Годун»[2]"," А у Ивана Дмитреевича дети: Фёдор Сабур, Данило Подольской, бездетен, да Иван Годун»[2] По Государеву родословцу, составленному около 1555 года, у Дмитрия Зерно «было три сына: Иван, да Констянтин Шея, бездетен, да ДмитрейБори́с Фёдорович Годуно́в ",0.8990115523338318,5,0.8235294117647058
37,Фёдор II Борисович  СФ,Ф СФёдор II Борисович ,0.7730668783187866,5,0.25
38,Васи́лий Иванович Шу́йский  После низложения жил в плену у поляковПоследний представитель рода Рюриковичей на российском престоле[3],Последний представитель рода Рюриковичей на российском престоле[3] После низложения жил в плену у поляковВаси́лий Иванович Шу́йский ,0.915444314479828,5,0.5
39,"Князь Дмитрий Тимофеевич Трубецкой , шенкурский державецВместе с Дмитрием Пожарским и Кузьмой Мининым руководил освобождением от поляков столицы, причём на время после изгнания поляков и до избрания Михаила Фёдоровича был избран правителем государства За свою деятельность получил титул «Спасителя отечества» и был одним из претендентов на царский престол на земском соборе 1613 года"," За свою деятельность получил титул «Спасителя отечества» и был одним из претендентов на царский престол на земском соборе 1613 годаВместе с Дмитрием Пожарским и Кузьмой Мининым руководил освобождением от поляков столицы, причём на время после изгнания поляков и до избрания Михаила Фёдоровича был избран правителем государстваКнязь Дмитрий Тимофеевич Трубецкой , шенкурский державец",0.9207772016525269,5,0.8571428571428571
40,"Михаи́л Фёдорович 1613годаРод Романовых принадлежит к числу древних семей московского боярства Первый известный по летописям представитель этого рода и нескольких других родов— Андрей Иванович, имевший прозвище Кобыла, в 1347 году находился на службе у Великого Владимирского и Московского князя Симеона Ивановича Гордого[2]"," Первый известный по летописям представитель этого рода и нескольких других родов— Андрей Иванович, имевший прозвище Кобыла, в 1347 году находился на службе у Великого Владимирского и Московского князя Симеона Ивановича Гордого[2]Род Романовых принадлежит к числу древних семей московского боярстваМихаи́л Фёдорович 1613года",0.8802515268325806,5,0.9090909090909091
41,"Патриа́рх Филаре́т  Разрядные книги свидетельствуют, что в феврале 1585 года будущий патриарх был участником приёма во дворце литовского посла Льва Сапеги[7][8][4], а в следующем году имел чин боярина и исполнял обязанности нижегородского наместника[8][4] В 1593—1594 годах Фёдор Никитич упоминается уже как псковский наместник[8]"," В 1593—1594 годах Фёдор Никитич упоминается уже как псковский наместник[8] Разрядные книги свидетельствуют, что в феврале 1585 года будущий патриарх был участником приёма во дворце литовского посла Льва Сапеги[7][8][4], а в следующем году имел чин боярина и исполнял обязанности нижегородского наместника[8][4]Патриа́рх Филаре́т ",0.936086654663086,5,0.9230769230769231
42,"Фёдор III Алексе́евич Фёдор Алексеевич, третий сын царя Алексея Михайловича и царицы Марии Милославской был крещён во имя святого Феодора Стратилата В марте 1669 года умерла его мать"," В марте 1669 года умерла его матьФёдор Алексеевич, третий сын царя Алексея Михайловича и царицы Марии Милославской был крещён во имя святого Феодора СтратилатаФёдор III Алексе́евич ",0.8805454969406128,5,0.5
43,Иоа́нн — русский царь в 1682—1696 годах из династии Романовых Сын царя Алексея Михайловича Тишайшего и царицы Марии Ильиничны Милославской Старший единокровный брат и соправитель Петра I, Старший единокровный брат и соправитель Петра I Сын царя Алексея Михайловича Тишайшего и царицы Марии Ильиничны МилославскойИоа́нн — русский царь в 1682—1696 годах из династии Романовых,0.9244513511657716,5,0.875
44,"А́нна Иоа́нновна 1710 года была выдана замуж за герцога Курляндского Фридриха Вильгельма Овдовевшая через 2,5 месяца после свадьбы, Анна была отправлена Петром I в Курляндию После смерти Петра II была приглашена в 1730 году на российский престол Верховным тайным советом как монарх с полномочиями, ограниченными в пользу аристократов— «верховников», но при поддержке дворян восстановила абсолютизм, распустив Верховный тайный совет"," После смерти Петра II была приглашена в 1730 году на российский престол Верховным тайным советом как монарх с полномочиями, ограниченными в пользу аристократов— «верховников», но при поддержке дворян восстановила абсолютизм, распустив Верховный тайный совет Овдовевшая через 2,5 месяца после свадьбы, Анна была отправлена Петром I в КурляндиюА́нна Иоа́нновна 1710 года была выдана замуж за герцога Курляндского Фридриха Вильгельма",0.8851432800292969,5,0.8666666666666667
45,Ива́н VI — российский император из Брауншвейгской ветви династии Романовых Царствовал с октября 1740 по ноябрь 1741 года Правнук Ивана V, Правнук Ивана V Царствовал с октября 1740 по ноябрь 1741 годаИва́н VI — российский император из Брауншвейгской ветви династии Романовых,0.90522438287735,5,0.5555555555555556
46,"СостояниеотпатрулированаЕлизаве́та Петро́вна , младшая дочь Петра I и Екатерины I, рождённая за два года до их вступления в брак Она руководила страной во время двух главных европейских конфликтов своего времени: Войны за австрийское наследство и Семилетней войны За время её правления обследованы и заселены земли Сибири"," За время её правления обследованы и заселены земли Сибири Она руководила страной во время двух главных европейских конфликтов своего времени: Войны за австрийское наследство и Семилетней войныСостояниеотпатрулированаЕлизаве́та Петро́вна , младшая дочь Петра I и Екатерины I, рождённая за два года до их вступления в брак",0.9146324396133424,5,0.7777777777777778
47,"СостояниеотпатрулированаПётр III Фёдорович — император всероссийский в 1762, первый представитель Гольштейн-Готторп-Романовской династии на российском престоле C 1745 года— владетельный герцог Гольштейн-Готторпский Внук Петра I— сын его дочери Анны и Карла Фридриха Гольштейн-Готторпского"," Внук Петра I— сын его дочери Анны и Карла Фридриха Гольштейн-Готторпского C 1745 года— владетельный герцог Гольштейн-ГотторпскийСостояниеотпатрулированаПётр III Фёдорович — император всероссийский в 1762, первый представитель Гольштейн-Готторп-Романовской династии на российском престоле",0.9308074116706848,5,0.9285714285714286
48,"Гео́ргий Евге́ньевич Львов  Старший брат Алексей с 1896 года возглавлял Московское училище живописи Другой брат, Владимир, руководил с 1901 года Московским главным архивом МИДа"," Другой брат, Владимир, руководил с 1901 года Московским главным архивом МИДа Старший брат Алексей с 1896 года возглавлял Московское училище живописиГео́ргий Евге́ньевич Львов ",0.9003123044967651,5,0.7272727272727273
49,"Алекса́ндр Фёдорович Ке́ренский[1][2][3]  1917 года, свергнувшей Временное правительство, и безуспешной попытки вернуть власть сложил с себя все полномочия С июня 1918 года — в эмиграцииС отцовской стороны предки Александра Керенского происходят из среды провинциального духовенства","С отцовской стороны предки Александра Керенского происходят из среды провинциального духовенства С июня 1918 года — в эмиграцииАлекса́ндр Фёдорович Ке́ренский[1][2][3]  1917 года, свергнувшей Временное правительство, и безуспешной попытки вернуть власть сложил с себя все полномочия",0.8966214656829834,5,0.8888888888888888
50,"Лев Бори́сович Ка́менев ; с 1922 года— заместитель председателя СНК и СТО, а после смерти Ленина— председатель СТО до января 1926 года Член ЦК в 1917—1927 годах, член Политбюро ЦК в 1919—1926 годах, а затем кандидат в члены Политбюро Член ЦИК и председатель ВЦИК СССР"," Член ЦИК и председатель ВЦИК СССР Член ЦК в 1917—1927 годах, член Политбюро ЦК в 1919—1926 годах, а затем кандидат в члены ПолитбюроЛев Бори́сович Ка́менев ; с 1922 года— заместитель председателя СНК и СТО, а после смерти Ленина— председатель СТО до января 1926 года",0.9132092595100404,5,1.0
51,"Я́ков Миха́йлович[прим 1] Свердло́в[6]; партийные псевдонимы: Андрей[7], Андрей Уральский[8], товарищ Андрей[3], Макс[3], Махровый[9], Михаил Пермяков[3], Михалыч[10], Смирнов[3] и др[прим","[прим 1] Свердло́в[6]; партийные псевдонимы: Андрей[7], Андрей Уральский[8], товарищ Андрей[3], Макс[3], Махровый[9], Михаил Пермяков[3], Михалыч[10], Смирнов[3] и дрЯ́ков Миха́йлович[прим",0.9553270936012268,5,0.9411764705882353
52,"СостояниеотпатрулированаИо́сиф Виссарио́нович Ста́лин — российский революционер, советский политический, государственный, военный и партийный деятель С 21 января 1924 по 5 марта 1953— руководитель СССР[2][3] Маршал Советского Союза[4], Генералиссимус Советского Союза[5]"," Маршал Советского Союза[4], Генералиссимус Советского Союза[5] С 21 января 1924 по 5 марта 1953— руководитель СССР[2][3]СостояниеотпатрулированаИо́сиф Виссарио́нович Ста́лин — российский революционер, советский политический, государственный, военный и партийный деятель",0.9287479519844056,5,0.8461538461538461
53,"«Больша́я росси́йская энциклопе́дия»[1] — российская универсальная энциклопедия на русском языке[2] Издание состоит из 35 нумерованных томов и тома «Россия», и содержит более 80 тысяч статей[3] Энциклопедия издавалась с 2004 по 2017 годы научным издательством «Большая российская энциклопедия»"," Энциклопедия издавалась с 2004 по 2017 годы научным издательством «Большая российская энциклопедия» Издание состоит из 35 нумерованных томов и тома «Россия», и содержит более 80 тысяч статей[3]«Больша́я росси́йская энциклопе́дия»[1] — российская универсальная энциклопедия на русском языке[2]",0.9356387257575988,5,1.0
54,"Вели́кое кня́жество Влади́мирское, до 1157года — Су́здальское княжество— русское княжество XII—XIVвеков, ставшее ядром современного Российского государстваВ узком смысле— территория, которой лично владел великий князь владимирский, в широком смысле— территория всех княжеств, выделившихся из Владимирского и зависимых от владимирского князя С середины XIII века сюзеренитет великих князей владимирских  признавали также Новгородская[2][3] и, с небольшими перерывами, Псковская республики[4]","Вели́кое кня́жество Влади́мирское, до 1157года — Су́здальское княжество— русское княжество XII—XIVвеков, ставшее ядром современного Российского государстваВ узком смысле— территория, которой лично владел великий князь владимирский, в широком смысле— территория всех княжеств, выделившихся из Владимирского и зависимых от владимирского князя",0.9626457691192628,4,0.5333333333333333
55,"Новгоро́дская респу́блика — севернорусское средневековое государство, существовавшее с 1136 года по 1478 год В период наибольшего расцвета, кроме Новгородской земли в узком смысле, включала также территории от Балтийского моря на западе до Уральских гор на востоке и от Белого моря на севере до верховьев Волги и Западной Двины на юге Находясь с 1245 года под сюзеренитетом великих князей владимирских[1][2], титул которых с XIV века стали наследовать исключительно московские князья, Новгородская республика в 1478 году была завоёвана Иваном III и полностью вошла в состав централизованного Русского государства","Новгоро́дская респу́блика — севернорусское средневековое государство, существовавшее с 1136 года по 1478 год В период наибольшего расцвета, кроме Новгородской земли в узком смысле, включала также территории от Балтийского моря на западе до Уральских гор на востоке и от Белого моря на севере до верховьев Волги и Западной Двины на юге",0.948339343070984,4,0.5
56,"Вели́кое кня́жество Лито́вское— восточноевропейское государство, существовавшее с середины XIII века по 1795 год на территории современных Белоруссии  Обширные земли Руси, попавшие под власть Великого княжества Литовского и составлявшие львиную долю его территории, именуются Литовской РусьюС 1385 года находилось в личной унии с Королевством Польским, а с 1569 года— в сеймовой Люблинской унии в составе федеративной Речи Посполитой","Вели́кое кня́жество Лито́вское— восточноевропейское государство, существовавшее с середины XIII века по 1795 год на территории современных Белоруссии  Обширные земли Руси, попавшие под власть Великого княжества Литовского и составлявшие львиную долю его территории, именуются Литовской Русью",0.958939790725708,4,0.5789473684210527
57,"Вели́кое кня́жество Моско́вское— средневековое русское княжество, существовавшее с 1263 по 1478 годы[1] Первоначально удел Великого княжества Владимирского, соперничавший с другими удельными княжествами за великокняжеский ярлык, выдаваемый ордынскими ханами Возвышению Москвы и укреплению её авторитета на Руси способствовал перенос кафедры киевского митрополита Петра из Владимира в Москву в 1325 году","Вели́кое кня́жество Моско́вское— средневековое русское княжество, существовавшее с 1263 по 1478 годы[1] Первоначально удел Великого княжества Владимирского, соперничавший с другими удельными княжествами за великокняжеский ярлык, выдаваемый ордынскими ханами",0.954934537410736,4,0.5625
58,"Оле́г — князь Новгородский с 879 года и великий князь Киевский с 882 годаПолучив власть над новгородскими землями после смерти Рюрика, как регент его малолетнего сына Игоря, Олег захватил Киев и перенёс туда столицу, объединив тем самым два главных центра восточных славян ","Оле́г — князь Новгородский с 879 года и великий князь Киевский с 882 годаПолучив власть над новгородскими землями после смерти Рюрика, как регент его малолетнего сына Игоря, Олег захватил Киев и перенёс туда столицу, объединив тем самым два главных центра восточных славян",0.9999999403953552,4,1.0
59,"Святосла́в Яросла́вич, в крещении Николай[1]  годом: «Родися третий сынъ Ярославу, и нарече имя ему Святославъ»[3] Второй раз в 1054 году, когда Ярослав поделил Русь между сыновьями","Святосла́в Яросла́вич, в крещении Николай[1]  годом: «Родися третий сынъ Ярославу, и нарече имя ему Святославъ»[3]",0.9696817994117736,4,0.5833333333333334
60,"Святопо́лк В 1069 году отец посадил Святополка в Полоцке на место умершего Мстислава[2] В 1071 году Всеслав Брячиславич, прежний князь Полоцкий, вернул себе волость",Святопо́лк В 1069 году отец посадил Святополка в Полоцке на место умершего Мстислава[2],0.9515977501869202,4,0.6666666666666666
61,"Влади́мир Все́володович Монома́х , государственный деятель, военачальник, писатель, мыслитель На сохранившихся печатях Владимир Мономах использовал также титул архонт всея земли Русской, на манер византийского титула[3][4]Владимир Мономах был сыном князя Всеволода Ярославича","Влади́мир Все́володович Монома́х , государственный деятель, военачальник, писатель, мыслитель На сохранившихся печатях Владимир Мономах использовал также титул архонт всея земли Русской, на манер византийского титула[3][4]",0.9733271598815918,4,0.8571428571428571
62,"Яропо́лк Влади́мирович — сын Владимира Мономаха, князь переяславский, великий князь киевский с 1132 При нём распалось единое Древнерусское государствоЯрополк родился, вероятнее всего, в Чернигове, где тогда княжил его отец Владимир Мономах","Яропо́лк Влади́мирович — сын Владимира Мономаха, князь переяславский, великий князь киевский с 1132 При нём распалось единое Древнерусское государство",0.947076976299286,4,0.7142857142857143
63,Все́волод О́льгович Всеволод был старшим сыном князя Олега Святославича[2] В 1111 году он вместе с другими князьями принимал участие в походе на половцев,Все́волод О́льгович Всеволод был старшим сыном князя Олега Святославича[2],0.9610811471939088,4,0.6
64,"Ростисла́в Мстисла́вич  сын Мстислава, внук Владимира Мономаха Мать— Христина Шведская, дочь шведского короля Инге СтаршегоРостислав был лучшим блюстителем народных вечевых прав","Ростисла́в Мстисла́вич  сын Мстислава, внук Владимира Мономаха Мать— Христина Шведская, дочь шведского короля Инге Старшего",0.962067484855652,4,0.8888888888888888
65,"Глеб Ю́рьевич — князь Переяславский и Киевский, сын Юрия Долгорукого от брака с дочерью половецкого хана Аепы, брат Андрея БоголюбскогоВпервые упоминается в летописи в 1146/47 году В этом году 24 февраля в Колтеске умер его брат, курский князь Иван","Глеб Ю́рьевич — князь Переяславский и Киевский, сын Юрия Долгорукого от брака с дочерью половецкого хана Аепы, брат Андрея БоголюбскогоВпервые упоминается в летописи в 1146/47 году",0.9731881618499756,4,0.5384615384615384
66,"Роман Ростиславич В 1151 году помогал Изяславу Мстиславичу отстаивать Киев от Юрия Долгорукого, много содействовал поражению последнего при реке Руте и защищал от него Чернигов В следующем году помогал Изяславу против Святослава Ольговича","Роман Ростиславич В 1151 году помогал Изяславу Мстиславичу отстаивать Киев от Юрия Долгорукого, много содействовал поражению последнего при реке Руте и защищал от него Чернигов",0.9711325764656068,4,0.8181818181818182
67,"Рюрик Ростиславич[6][7][8]После смерти отца в 1167 году Рюрик остался княжить в Овруче, вытребовав владения у нового киевского князя и своего двоюродного брата Мстислава Изяславича Конфликтом за киевские волости воспользовался Андрей Боголюбский, и в 1169 году взял Киев для своего брата Глеба Юрьевича","Рюрик Ростиславич[6][7][8]После смерти отца в 1167 году Рюрик остался княжить в Овруче, вытребовав владения у нового киевского князя и своего двоюродного брата Мстислава Изяславича",0.9557345509529114,4,0.46153846153846156
68,"Ростисла́в Рю́рикович , произошедшем во время пребывания «на Лучине» на пути из Новгорода в Смоленск, сообщается в Ипатьевской летописи, в сюжете под 1173 годом[3] В 1172 году «дасть ему отець его Лучин город в нем же родися»","Ростисла́в Рю́рикович , произошедшем во время пребывания «на Лучине» на пути из Новгорода в Смоленск, сообщается в Ипатьевской летописи, в сюжете под 1173 годом[3] В 1172 году «",0.9747009873390198,4,0.8333333333333334
69,Яросла́в  родился 8 февраля 1191г в Переяславле Залесском 27 апреля 1194г,Яросла́в  родился 8 февраля 1191г в Переяславле Залесском,0.9574118852615356,4,0.8
70,"Ростислав Мстиславич— Занял смоленский престол по смерти Мстислава Давыдовича в 1230 году В 1232 году был изгнан Святославом Мстиславичем, пришедшим с полоцкими войсками",Ростислав Мстиславич— Занял смоленский престол по смерти Мстислава Давыдовича в 1230 году,0.9595838785171508,4,0.4444444444444444
71,"Дании́л Рома́нович  и Ефросиньи-АнныПосле гибели отца в 1205 году стал галицким князем, но вскоре лишился престола С 1215 года княжил на Волыни и к 1231 году завершил объединение волынских земель","Дании́л Рома́нович  и Ефросиньи-АнныПосле гибели отца в 1205 году стал галицким князем, но вскоре лишился престола",0.9661626815795898,4,0.5454545454545454
72,"Алекса́ндр Яросла́вич Не́вский[комм 1]  Мстиславны, торопецкой княжны, дочери князя новгородского и галицкого Мстислава Удатного[2] По мнению историка Ю","Алекса́ндр Яросла́вич Не́вский[комм 1]  Мстиславны, торопецкой княжны, дочери князя новгородского и галицкого Мстислава Удатного[2]",0.9735932350158693,4,0.8571428571428571
73,"Ю́рий Третий сын Великого князя Владимирского Всеволода Юрьевича Большое Гнездо от первого брака, с Марией Шварновной Канонизирован Русской православной церковью в лике благоверных князей","Ю́рий Третий сын Великого князя Владимирского Всеволода Юрьевича Большое Гнездо от первого брака, с Марией Шварновной",0.9653033614158629,4,0.7142857142857143
74,"Константи́н Все́володович  До 1205 года он находился при отце, присутствуя, как представитель последнего, при освящении церквей во Владимире и участвуя в 1198 году в походе к Дону на половцев В конце 1190-х годов недолго княжил в Переяславле-Южном","Константи́н Все́володович  До 1205 года он находился при отце, присутствуя, как представитель последнего, при освящении церквей во Владимире и участвуя в 1198 году в походе к Дону на половцев",0.9719292521476746,4,0.7777777777777778
75,"Святосла́в Все́володович  февраля и в Соборе Владимирских святыхВ январе 1200 года он был назначен на княжение в Новгороде, а затем был сменён старшим братом, Константином в 1205 г и снова вернулся в Новгород 9 февраля 1208 года[2] Однако, уже следующей зимой Святослав был захвачен пригласившими на княжение Мстислава Удатного новгородцами и освобождён после похода владимирских войск во главе со старшими Всеволодовичами на Торжок","Святосла́в Все́володович  февраля и в Соборе Владимирских святыхВ январе 1200 года он был назначен на княжение в Новгороде, а затем был сменён старшим братом, Константином в 1205 г и снова вернулся в Новгород 9 февраля 1208 года[2]",0.9573054313659668,4,0.5789473684210527
76,"Васи́лий Яросла́вич  Младший сын Ярослава Всеволодовича, великого князя киевского и владимирскогоРодился в городе Владимире","Васи́лий Яросла́вич  Младший сын Ярослава Всеволодовича, великого князя киевского и владимирского",0.9794617295265198,4,0.6
77,"Андре́й Алекса́ндрович, Андре́й Городе́цкий Из рода Рюриковичей, третий сын Александра Невского По завещанию отца получил в удел выделенное из состава Суздальского Городецкое княжество, которое оставалось в его владении до самой смерти","Андре́й Алекса́ндрович, Андре́й Городе́цкий Из рода Рюриковичей, третий сын Александра Невского",0.95513516664505,4,0.875
78,"Это статья о тверском и великом владимирском князе О московском князе, около года занимавшем владимирский престол, см Михаил Ярославич ХоробритМихаи́л Яросла́вич ","Это статья о тверском и великом владимирском князе О московском князе, около года занимавшем владимирский престол, см",0.9666951894760132,4,0.6
79,"Ю́рий — московский князь в 1303—1325, великий князь Владимирский в 1318—1322, князь Новгородский в 1322—1325Старший сын московского князя Даниила Александровича, внук Александра Невского Княжил в Переславле-Залесском, а с 1303года— в Москве","Ю́рий — московский князь в 1303—1325, великий князь Владимирский в 1318—1322, князь Новгородский в 1322—1325Старший сын московского князя Даниила Александровича, внук Александра Невского",0.9713828563690186,4,0.6470588235294118
80,"Алекса́ндр Миха́йлович  Убит в Орде вместе с сыном ФёдоромВ 1318 году Великий князь Тверской Михаил Ярославич, отправляясь в Орду, разделил свою вотчину между Александром и его старшим братом, Дмитрием Грозные Очи",Алекса́ндр Миха́йлович  Убит в Орде вместе с сыном Фёдором,0.9010351896286012,4,0.36363636363636365
81,"Семён Ива́нович  И все князья Владимирской Руси, не желая наследника Калиты— Симеона Ивановича,— предлагали хану выдать ярлык на великое княжение Владимирское Константину Васильевичу Суздальскому, старшему из них по лествичному правуПока Симеон находился в Орде, в Москве вспыхнула первая крупная рознь между боярами, вызванная смертью московского тысяцкого Протасия Фёдоровича, который был тысяцким при Данииле Александровиче и Юрии и Иване Данииловичах","Семён Ива́нович  И все князья Владимирской Руси, не желая наследника Калиты— Симеона Ивановича,— предлагали хану выдать ярлык на великое княжение Владимирское Константину Васильевичу Суздальскому, старшему из них по лествичному праву",0.9253256320953368,4,0.4666666666666667
82,"Дми́трий Ива́нович  Сын князя Ивана II Красного и его второй жены, княгини Александры ИвановныВ правление Дмитрия Московское княжество стало одним из главных центров объединения русских земель, а Владимирское великое княжество стало наследственной собственностью московских князей, хотя при этом из-под его влияния вышли Тверское и Смоленское княжества","Дми́трий Ива́нович  Сын князя Ивана II Красного и его второй жены, княгини Александры Ивановны",0.91732656955719,4,0.36363636363636365
83,"Васи́лий I Дми́триевич — великий князь московский и владимирский с 1389 года, старший сын Дмитрия Ивановича Донского и великой княгини Евдокии, дочери великого князя нижегородско-суздальского Дмитрия Константиновича Был женат на Софье— единственной дочери великого князя литовского ВитовтаРодился за день до празднования памяти святого Василия Кесарийского, и получил имя в его честь, в дальнейшем изображал его на своих печатях[1]","Васи́лий I Дми́триевич — великий князь московский и владимирский с 1389 года, старший сын Дмитрия Ивановича Донского и великой княгини Евдокии, дочери великого князя нижегородско-суздальского Дмитрия Константиновича Был женат на Софье— единственной дочери великого князя литовского Витовта",0.9523110389709472,4,0.6923076923076923
84,"Ю́рий Дми́триевич  Юрий был очень популярен как удачливый полководец и опытный дипломат, а также покровитель искусств и литературы Был женат на Анастасии, дочери великого князя смоленского Юрия Святославича","Ю́рий Дми́триевич  Юрий был очень популярен как удачливый полководец и опытный дипломат, а также покровитель искусств и литературы",0.9575620889663696,4,0.4
85,"СостояниеотпатрулированаДми́трий Ю́рьевич Шемя́ка — Великий князь Московский, а также князь Углицкий, князь Галицкий; сын Великого князя Московского Юрия Дмитриевича и княгини Анастасии Юрьевны, дочери последнего великого князя Смоленского Юрия Святославича, один из главных участников Междоусобной войны второй четверти XV века[2]:32[2]:95[3]:194, 195, 212 В летописях Дмитрий Юрьевич упоминается с 1433 года[4]:106 Точная дата рождения неизвестна[4]:106, в литературе встречаются указания на разные годы","СостояниеотпатрулированаДми́трий Ю́рьевич Шемя́ка — Великий князь Московский, а также князь Углицкий, князь Галицкий; сын Великого князя Московского Юрия Дмитриевича и княгини Анастасии Юрьевны, дочери последнего великого князя Смоленского Юрия Святославича, один из главных участников Междоусобной войны второй четверти XV века[2]:32[2]:95[3]:194, 195, 212 В летописях Дмитрий Юрьевич упоминается с 1433 года[4]:106",0.8950245380401611,4,0.9583333333333334
86,"Ива́н Ива́нович Молодо́й — удельный князь Тверской, сын и наследник великого князя Московского Ивана III Васильевича и его первой жены Марии Борисовны, дочери великого князя тверского Бориса Александровича и сестры правящего в Твери Михаила Борисовича Как племянник Михаила Борисовича, у которого не было сыновей, претендовал на наследование Великого княжества ТверскогоРодился 15 февраля 1458 года","Ива́н Ива́нович Молодо́й — удельный князь Тверской, сын и наследник великого князя Московского Ивана III Васильевича и его первой жены Марии Борисовны, дочери великого князя тверского Бориса Александровича и сестры правящего в Твери Михаила Борисовича Как племянник Михаила Борисовича, у которого не было сыновей, претендовал на наследование Великого княжества Тверского",0.981792449951172,4,0.9285714285714286
87,"Васи́лий III Иванович, по прямому имени Гавриил, в постриге Варлаам — великий князь владимирский и московский в 1505—1533, государь всея Руси Сын Ивана III Великого и Софии Палеолог, отец Ивана IV Грозного В период его правления продолжился процесс собирания русских земель, в централизованное Русское государство вошли Псков, Смоленск и Рязань","Васи́лий III Иванович, по прямому имени Гавриил, в постриге Варлаам — великий князь владимирский и московский в 1505—1533, государь всея Руси Сын Ивана III Великого и Софии Палеолог, отец Ивана IV Грозного",0.9451431035995485,4,0.6
88,"Фёдор I Ива́нович, известен также по имени Феодор Блаженный, Когда родился Фёдор, Иван Грозный повелел построить церковь в Феодоровском монастыре города Переславль-Залесский Этот храм в честь Феодора Стратилата стал главным собором монастыря и сохранился до настоящего времени","Фёдор I Ива́нович, известен также по имени Феодор Блаженный, Когда родился Фёдор, Иван Грозный повелел построить церковь в Феодоровском монастыре города Переславль-Залесский",0.9568347930908204,4,0.7777777777777778
89,"Ирина Фёдоровна, урождённая   Годунова, в иночестве Александра — сестра Бориса Годунова и супруга царя Фёдора І Иоанновича, номинальная правительница на русском престоле после смерти Фёдора І Иоанновича и до избрания царём Бориса Годунова с 16 января по 21 февраля 1598 годаО дате и месте её рождения сведений нет Она была взята в царские палаты в возрасте семи лет и воспитывалась там до брака[1]","Ирина Фёдоровна, урождённая   Годунова, в иночестве Александра — сестра Бориса Годунова и супруга царя Фёдора І Иоанновича, номинальная правительница на русском престоле после смерти Фёдора І Иоанновича и до избрания царём Бориса Годунова с 16 января по 21 февраля 1598 годаО дате и месте её рождения сведений нет",0.9471135139465332,4,0.9166666666666666
90,"Бори́с Фёдорович Годуно́в  По Государеву родословцу, составленному около 1555 года, у Дмитрия Зерно «было три сына: Иван, да Констянтин Шея, бездетен, да Дмитрей А у Ивана Дмитреевича дети: Фёдор Сабур, Данило Подольской, бездетен, да Иван Годун»[2]","Бори́с Фёдорович Годуно́в  По Государеву родословцу, составленному около 1555 года, у Дмитрия Зерно «было три сына: Иван, да Констянтин Шея, бездетен, да Дмитрей",0.93230140209198,4,0.7058823529411765
91,Фёдор II Борисович  СФ,Фёдор II Борисович  С,0.9272208213806152,4,0.5
92,Васи́лий Иванович Шу́йский  После низложения жил в плену у поляковПоследний представитель рода Рюриковичей на российском престоле[3],Васи́лий Иванович Шу́йский  После низложения жил в плену у поляков,0.9515998363494872,4,0.3333333333333333
93,"Князь Дмитрий Тимофеевич Трубецкой , шенкурский державецВместе с Дмитрием Пожарским и Кузьмой Мининым руководил освобождением от поляков столицы, причём на время после изгнания поляков и до избрания Михаила Фёдоровича был избран правителем государства За свою деятельность получил титул «Спасителя отечества» и был одним из претендентов на царский престол на земском соборе 1613 года","Князь Дмитрий Тимофеевич Трубецкой , шенкурский державецВместе с Дмитрием Пожарским и Кузьмой Мининым руководил освобождением от поляков столицы, причём на время после изгнания поляков и до избрания Михаила Фёдоровича был избран правителем государства",0.9683836102485656,4,0.8571428571428571
94,"Михаи́л Фёдорович 1613годаРод Романовых принадлежит к числу древних семей московского боярства Первый известный по летописям представитель этого рода и нескольких других родов— Андрей Иванович, имевший прозвище Кобыла, в 1347 году находился на службе у Великого Владимирского и Московского князя Симеона Ивановича Гордого[2]",Михаи́л Фёдорович 1613годаРод Романовых принадлежит к числу древних семей московского боярства,0.9411737322807312,4,0.2727272727272727
95,"Патриа́рх Филаре́т  Разрядные книги свидетельствуют, что в феврале 1585 года будущий патриарх был участником приёма во дворце литовского посла Льва Сапеги[7][8][4], а в следующем году имел чин боярина и исполнял обязанности нижегородского наместника[8][4] В 1593—1594 годах Фёдор Никитич упоминается уже как псковский наместник[8]","Патриа́рх Филаре́т  Разрядные книги свидетельствуют, что в феврале 1585 года будущий патриарх был участником приёма во дворце литовского посла Льва Сапеги[7][8][4], а в следующем году имел чин боярина и исполнял обязанности нижегородского наместника[8][4]",0.9755014181137084,4,0.7692307692307693
96,"Фёдор III Алексе́евич Фёдор Алексеевич, третий сын царя Алексея Михайловича и царицы Марии Милославской был крещён во имя святого Феодора Стратилата В марте 1669 года умерла его мать","Фёдор III Алексе́евич Фёдор Алексеевич, третий сын царя Алексея Михайловича и царицы Марии Милославской был крещён во имя святого Феодора Стратилата",0.9752640724182128,4,0.7
97,Иоа́нн — русский царь в 1682—1696 годах из династии Романовых Сын царя Алексея Михайловича Тишайшего и царицы Марии Ильиничны Милославской Старший единокровный брат и соправитель Петра I,Иоа́нн — русский царь в 1682—1696 годах из династии Романовых Сын царя Алексея Михайловича Тишайшего и царицы Марии Ильиничны Милославской,0.9819285869598388,4,0.875
98,"А́нна Иоа́нновна 1710 года была выдана замуж за герцога Курляндского Фридриха Вильгельма Овдовевшая через 2,5 месяца после свадьбы, Анна была отправлена Петром I в Курляндию После смерти Петра II была приглашена в 1730 году на российский престол Верховным тайным советом как монарх с полномочиями, ограниченными в пользу аристократов— «верховников», но при поддержке дворян восстановила абсолютизм, распустив Верховный тайный совет","А́нна Иоа́нновна 1710 года была выдана замуж за герцога Курляндского Фридриха Вильгельма Овдовевшая через 2,5 месяца после свадьбы, Анна была отправлена Петром I в Курляндию",0.921886384487152,4,0.6
99,Ива́н VI — российский император из Брауншвейгской ветви династии Романовых Царствовал с октября 1740 по ноябрь 1741 года Правнук Ивана V,Ива́н VI — российский император из Брауншвейгской ветви династии Романовых Царствовал с октября 1740 по ноябрь 1741 года,0.9760849475860596,4,0.7777777777777778
100,"СостояниеотпатрулированаЕлизаве́та Петро́вна , младшая дочь Петра I и Екатерины I, рождённая за два года до их вступления в брак Она руководила страной во время двух главных европейских конфликтов своего времени: Войны за австрийское наследство и Семилетней войны За время её правления обследованы и заселены земли Сибири","СостояниеотпатрулированаЕлизаве́та Петро́вна , младшая дочь Петра I и Екатерины I, рождённая за два года до их вступления в брак Она руководила страной во время двух главных европейских конфликтов своего времени: Войны за австрийское наследство и Семилетней войны",0.9796849489212036,4,0.7777777777777778
101,"СостояниеотпатрулированаПётр III Фёдорович — император всероссийский в 1762, первый представитель Гольштейн-Готторп-Романовской династии на российском престоле C 1745 года— владетельный герцог Гольштейн-Готторпский Внук Петра I— сын его дочери Анны и Карла Фридриха Гольштейн-Готторпского","СостояниеотпатрулированаПётр III Фёдорович — император всероссийский в 1762, первый представитель Гольштейн-Готторп-Романовской династии на российском престоле C 1745 года— владетельный герцог Гольштейн-Готторпский",0.9738973379135132,4,0.6428571428571429
102,"Гео́ргий Евге́ньевич Львов  Старший брат Алексей с 1896 года возглавлял Московское училище живописи Другой брат, Владимир, руководил с 1901 года Московским главным архивом МИДа",Гео́ргий Евге́ньевич Львов  Старший брат Алексей с 1896 года возглавлял Московское училище живописи,0.9601020216941832,4,0.5454545454545454
103,"Алекса́ндр Фёдорович Ке́ренский[1][2][3]  1917 года, свергнувшей Временное правительство, и безуспешной попытки вернуть власть сложил с себя все полномочия С июня 1918 года — в эмиграцииС отцовской стороны предки Александра Керенского происходят из среды провинциального духовенства","Алекса́ндр Фёдорович Ке́ренский[1][2][3]  1917 года, свергнувшей Временное правительство, и безуспешной попытки вернуть власть сложил с себя все полномочия С июня 1918 года — в эмиграции",0.9394524097442628,4,0.8888888888888888
104,"Лев Бори́сович Ка́менев ; с 1922 года— заместитель председателя СНК и СТО, а после смерти Ленина— председатель СТО до января 1926 года Член ЦК в 1917—1927 годах, член Политбюро ЦК в 1919—1926 годах, а затем кандидат в члены Политбюро Член ЦИК и председатель ВЦИК СССР","Лев Бори́сович Ка́менев ; с 1922 года— заместитель председателя СНК и СТО, а после смерти Ленина— председатель СТО до января 1926 года Член ЦК в 1917—1927 годах, член Политбюро ЦК в 1919—1926 годах, а затем кандидат в члены Политбюро",0.980067253112793,4,0.85
105,"Я́ков Миха́йлович[прим 1] Свердло́в[6]; партийные псевдонимы: Андрей[7], Андрей Уральский[8], товарищ Андрей[3], Макс[3], Махровый[9], Михаил Пермяков[3], Михалыч[10], Смирнов[3] и др[прим","Я́ков Миха́йлович[прим 1] Свердло́в[6]; партийные псевдонимы: Андрей[7], Андрей Уральский[8], товарищ Андрей[3], Макс[3], Махровый[9], Михаил Пермяков[3], Михалыч[10], Смирнов[3] и др",0.9817711114883424,4,1.0
106,"СостояниеотпатрулированаИо́сиф Виссарио́нович Ста́лин — российский революционер, советский политический, государственный, военный и партийный деятель С 21 января 1924 по 5 марта 1953— руководитель СССР[2][3] Маршал Советского Союза[4], Генералиссимус Советского Союза[5]","СостояниеотпатрулированаИо́сиф Виссарио́нович Ста́лин — российский революционер, советский политический, государственный, военный и партийный деятель С 21 января 1924 по 5 марта 1953— руководитель СССР[2][3]",0.9655113220214844,4,0.8461538461538461
107,"«Больша́я росси́йская энциклопе́дия»[1] — российская универсальная энциклопедия на русском языке[2] Издание состоит из 35 нумерованных томов и тома «Россия», и содержит более 80 тысяч статей[3] Энциклопедия издавалась с 2004 по 2017 годы научным издательством «Большая российская энциклопедия»","«Больша́я росси́йская энциклопе́дия»[1] — российская универсальная энциклопедия на русском языке[2] Издание состоит из 35 нумерованных томов и тома «Россия», и содержит более 80 тысяч статей[3]",0.943780243396759,4,0.7272727272727273
108,"Вели́кое кня́жество Влади́мирское, до 1157года — Су́здальское княжество— русское княжество XII—XIVвеков, ставшее ядром современного Российского государстваВ узком смысле— территория, которой лично владел великий князь владимирский, в широком смысле— территория всех княжеств, выделившихся из Владимирского и зависимых от владимирского князя С середины XIII века сюзеренитет великих князей владимирских  признавали также Новгородская[2][3] и, с небольшими перерывами, Псковская республики[4]"," С середины XIII века сюзеренитет великих князей владимирских  признавали также Новгородская[2][3] и, с небольшими перерывами, Псковская республики[4]",0.9466265439987184,3,0.4666666666666667
109,"Новгоро́дская респу́блика — севернорусское средневековое государство, существовавшее с 1136 года по 1478 год В период наибольшего расцвета, кроме Новгородской земли в узком смысле, включала также территории от Балтийского моря на западе до Уральских гор на востоке и от Белого моря на севере до верховьев Волги и Западной Двины на юге Находясь с 1245 года под сюзеренитетом великих князей владимирских[1][2], титул которых с XIV века стали наследовать исключительно московские князья, Новгородская республика в 1478 году была завоёвана Иваном III и полностью вошла в состав централизованного Русского государства"," Находясь с 1245 года под сюзеренитетом великих князей владимирских[1][2], титул которых с XIV века стали наследовать исключительно московские князья, Новгородская республика в 1478 году была завоёвана Иваном III и полностью вошла в состав централизованного Русского государства",0.9311528205871582,3,0.45454545454545453
110,"Вели́кое кня́жество Лито́вское— восточноевропейское государство, существовавшее с середины XIII века по 1795 год на территории современных Белоруссии  Обширные земли Руси, попавшие под власть Великого княжества Литовского и составлявшие львиную долю его территории, именуются Литовской РусьюС 1385 года находилось в личной унии с Королевством Польским, а с 1569 года— в сеймовой Люблинской унии в составе федеративной Речи Посполитой","С 1385 года находилось в личной унии с Королевством Польским, а с 1569 года— в сеймовой Люблинской унии в составе федеративной Речи Посполитой",0.9183179140090942,3,0.3684210526315789
111,"Вели́кое кня́жество Моско́вское— средневековое русское княжество, существовавшее с 1263 по 1478 годы[1] Первоначально удел Великого княжества Владимирского, соперничавший с другими удельными княжествами за великокняжеский ярлык, выдаваемый ордынскими ханами Возвышению Москвы и укреплению её авторитета на Руси способствовал перенос кафедры киевского митрополита Петра из Владимира в Москву в 1325 году", Возвышению Москвы и укреплению её авторитета на Руси способствовал перенос кафедры киевского митрополита Петра из Владимира в Москву в 1325 году,0.9091284275054932,3,0.4375
112,"Оле́г — князь Новгородский с 879 года и великий князь Киевский с 882 годаПолучив власть над новгородскими землями после смерти Рюрика, как регент его малолетнего сына Игоря, Олег захватил Киев и перенёс туда столицу, объединив тем самым два главных центра восточных славян ", ,0.0,3,0.0
113,"Святосла́в Яросла́вич, в крещении Николай[1]  годом: «Родися третий сынъ Ярославу, и нарече имя ему Святославъ»[3] Второй раз в 1054 году, когда Ярослав поделил Русь между сыновьями"," Второй раз в 1054 году, когда Ярослав поделил Русь между сыновьями",0.9483648538589478,3,0.4166666666666667
114,"Святопо́лк В 1069 году отец посадил Святополка в Полоцке на место умершего Мстислава[2] В 1071 году Всеслав Брячиславич, прежний князь Полоцкий, вернул себе волость"," В 1071 году Всеслав Брячиславич, прежний князь Полоцкий, вернул себе волость",0.9367797374725342,3,0.3333333333333333
115,"Влади́мир Все́володович Монома́х , государственный деятель, военачальник, писатель, мыслитель На сохранившихся печатях Владимир Мономах использовал также титул архонт всея земли Русской, на манер византийского титула[3][4]Владимир Мономах был сыном князя Всеволода Ярославича",Владимир Мономах был сыном князя Всеволода Ярославича,0.9025723934173584,3,0.2857142857142857
116,"Яропо́лк Влади́мирович — сын Владимира Мономаха, князь переяславский, великий князь киевский с 1132 При нём распалось единое Древнерусское государствоЯрополк родился, вероятнее всего, в Чернигове, где тогда княжил его отец Владимир Мономах","Ярополк родился, вероятнее всего, в Чернигове, где тогда княжил его отец Владимир Мономах",0.924312710762024,3,0.2857142857142857
117,Все́волод О́льгович Всеволод был старшим сыном князя Олега Святославича[2] В 1111 году он вместе с другими князьями принимал участие в походе на половцев, В 1111 году он вместе с другими князьями принимал участие в походе на половцев,0.9600048065185548,3,0.4
118,"Ростисла́в Мстисла́вич  сын Мстислава, внук Владимира Мономаха Мать— Христина Шведская, дочь шведского короля Инге СтаршегоРостислав был лучшим блюстителем народных вечевых прав",Ростислав был лучшим блюстителем народных вечевых прав,0.9253881573677064,3,0.1111111111111111
119,"Глеб Ю́рьевич — князь Переяславский и Киевский, сын Юрия Долгорукого от брака с дочерью половецкого хана Аепы, брат Андрея БоголюбскогоВпервые упоминается в летописи в 1146/47 году В этом году 24 февраля в Колтеске умер его брат, курский князь Иван"," В этом году 24 февраля в Колтеске умер его брат, курский князь Иван",0.9366945028305054,3,0.3076923076923077
120,"Роман Ростиславич В 1151 году помогал Изяславу Мстиславичу отстаивать Киев от Юрия Долгорукого, много содействовал поражению последнего при реке Руте и защищал от него Чернигов В следующем году помогал Изяславу против Святослава Ольговича", В следующем году помогал Изяславу против Святослава Ольговича,0.8975269198417664,3,0.18181818181818182
121,"Рюрик Ростиславич[6][7][8]После смерти отца в 1167 году Рюрик остался княжить в Овруче, вытребовав владения у нового киевского князя и своего двоюродного брата Мстислава Изяславича Конфликтом за киевские волости воспользовался Андрей Боголюбский, и в 1169 году взял Киев для своего брата Глеба Юрьевича"," Конфликтом за киевские волости воспользовался Андрей Боголюбский, и в 1169 году взял Киев для своего брата Глеба Юрьевича",0.9299882650375366,3,0.46153846153846156
122,"Ростисла́в Рю́рикович , произошедшем во время пребывания «на Лучине» на пути из Новгорода в Смоленск, сообщается в Ипатьевской летописи, в сюжете под 1173 годом[3] В 1172 году «дасть ему отець его Лучин город в нем же родися»",дасть ему отець его Лучин город в нем же родися»,0.8805865645408629,3,0.08333333333333333
123,Яросла́в  родился 8 февраля 1191г в Переяславле Залесском 27 апреля 1194г, 27 апреля 1194г,0.8609453439712524,3,0.2
124,"Ростислав Мстиславич— Занял смоленский престол по смерти Мстислава Давыдовича в 1230 году В 1232 году был изгнан Святославом Мстиславичем, пришедшим с полоцкими войсками"," В 1232 году был изгнан Святославом Мстиславичем, пришедшим с полоцкими войсками",0.9439682960510254,3,0.4444444444444444
125,"Дании́л Рома́нович  и Ефросиньи-АнныПосле гибели отца в 1205 году стал галицким князем, но вскоре лишился престола С 1215 года княжил на Волыни и к 1231 году завершил объединение волынских земель", С 1215 года княжил на Волыни и к 1231 году завершил объединение волынских земель,0.9467509984970092,3,0.45454545454545453
126,"Алекса́ндр Яросла́вич Не́вский[комм 1]  Мстиславны, торопецкой княжны, дочери князя новгородского и галицкого Мстислава Удатного[2] По мнению историка Ю", По мнению историка Ю,0.8875150084495544,3,0.14285714285714285
127,"Ю́рий Третий сын Великого князя Владимирского Всеволода Юрьевича Большое Гнездо от первого брака, с Марией Шварновной Канонизирован Русской православной церковью в лике благоверных князей", Канонизирован Русской православной церковью в лике благоверных князей,0.9374085664749146,3,0.14285714285714285
128,"Константи́н Все́володович  До 1205 года он находился при отце, присутствуя, как представитель последнего, при освящении церквей во Владимире и участвуя в 1198 году в походе к Дону на половцев В конце 1190-х годов недолго княжил в Переяславле-Южном", В конце 1190-х годов недолго княжил в Переяславле-Южном,0.9320822954177856,3,0.2222222222222222
129,"Святосла́в Все́володович  февраля и в Соборе Владимирских святыхВ январе 1200 года он был назначен на княжение в Новгороде, а затем был сменён старшим братом, Константином в 1205 г и снова вернулся в Новгород 9 февраля 1208 года[2] Однако, уже следующей зимой Святослав был захвачен пригласившими на княжение Мстислава Удатного новгородцами и освобождён после похода владимирских войск во главе со старшими Всеволодовичами на Торжок"," Однако, уже следующей зимой Святослав был захвачен пригласившими на княжение Мстислава Удатного новгородцами и освобождён после похода владимирских войск во главе со старшими Всеволодовичами на Торжок",0.9175770878791808,3,0.2631578947368421
130,"Васи́лий Яросла́вич  Младший сын Ярослава Всеволодовича, великого князя киевского и владимирскогоРодился в городе Владимире",Родился в городе Владимире,0.8263891339302063,3,0.2
131,"Андре́й Алекса́ндрович, Андре́й Городе́цкий Из рода Рюриковичей, третий сын Александра Невского По завещанию отца получил в удел выделенное из состава Суздальского Городецкое княжество, которое оставалось в его владении до самой смерти"," По завещанию отца получил в удел выделенное из состава Суздальского Городецкое княжество, которое оставалось в его владении до самой смерти",0.9534764885902404,3,0.125
132,"Это статья о тверском и великом владимирском князе О московском князе, около года занимавшем владимирский престол, см Михаил Ярославич ХоробритМихаи́л Яросла́вич ", Михаил Ярославич ХоробритМихаи́л Яросла́вич ,0.9156068563461304,3,0.2
133,"Ю́рий — московский князь в 1303—1325, великий князь Владимирский в 1318—1322, князь Новгородский в 1322—1325Старший сын московского князя Даниила Александровича, внук Александра Невского Княжил в Переславле-Залесском, а с 1303года— в Москве"," Княжил в Переславле-Залесском, а с 1303года— в Москве",0.9181951284408568,3,0.29411764705882354
134,"Алекса́ндр Миха́йлович  Убит в Орде вместе с сыном ФёдоромВ 1318 году Великий князь Тверской Михаил Ярославич, отправляясь в Орду, разделил свою вотчину между Александром и его старшим братом, Дмитрием Грозные Очи","В 1318 году Великий князь Тверской Михаил Ярославич, отправляясь в Орду, разделил свою вотчину между Александром и его старшим братом, Дмитрием Грозные Очи",0.9262016415596008,3,0.6363636363636364
135,"Семён Ива́нович  И все князья Владимирской Руси, не желая наследника Калиты— Симеона Ивановича,— предлагали хану выдать ярлык на великое княжение Владимирское Константину Васильевичу Суздальскому, старшему из них по лествичному правуПока Симеон находился в Орде, в Москве вспыхнула первая крупная рознь между боярами, вызванная смертью московского тысяцкого Протасия Фёдоровича, который был тысяцким при Данииле Александровиче и Юрии и Иване Данииловичах","Пока Симеон находился в Орде, в Москве вспыхнула первая крупная рознь между боярами, вызванная смертью московского тысяцкого Протасия Фёдоровича, который был тысяцким при Данииле Александровиче и Юрии и Иване Данииловичах",0.9064804315567015,3,0.5333333333333333
136,"Дми́трий Ива́нович  Сын князя Ивана II Красного и его второй жены, княгини Александры ИвановныВ правление Дмитрия Московское княжество стало одним из главных центров объединения русских земель, а Владимирское великое княжество стало наследственной собственностью московских князей, хотя при этом из-под его влияния вышли Тверское и Смоленское княжества","В правление Дмитрия Московское княжество стало одним из главных центров объединения русских земель, а Владимирское великое княжество стало наследственной собственностью московских князей, хотя при этом из-под его влияния вышли Тверское и Смоленское княжества",0.9552350044250488,3,0.5454545454545454
137,"Васи́лий I Дми́триевич — великий князь московский и владимирский с 1389 года, старший сын Дмитрия Ивановича Донского и великой княгини Евдокии, дочери великого князя нижегородско-суздальского Дмитрия Константиновича Был женат на Софье— единственной дочери великого князя литовского ВитовтаРодился за день до празднования памяти святого Василия Кесарийского, и получил имя в его честь, в дальнейшем изображал его на своих печатях[1]","Родился за день до празднования памяти святого Василия Кесарийского, и получил имя в его честь, в дальнейшем изображал его на своих печатях[1]",0.9115159511566162,3,0.07692307692307693
138,"Ю́рий Дми́триевич  Юрий был очень популярен как удачливый полководец и опытный дипломат, а также покровитель искусств и литературы Был женат на Анастасии, дочери великого князя смоленского Юрия Святославича"," Был женат на Анастасии, дочери великого князя смоленского Юрия Святославича",0.9474843740463256,3,0.4
139,"СостояниеотпатрулированаДми́трий Ю́рьевич Шемя́ка — Великий князь Московский, а также князь Углицкий, князь Галицкий; сын Великого князя Московского Юрия Дмитриевича и княгини Анастасии Юрьевны, дочери последнего великого князя Смоленского Юрия Святославича, один из главных участников Междоусобной войны второй четверти XV века[2]:32[2]:95[3]:194, 195, 212 В летописях Дмитрий Юрьевич упоминается с 1433 года[4]:106 Точная дата рождения неизвестна[4]:106, в литературе встречаются указания на разные годы"," Точная дата рождения неизвестна[4]:106, в литературе встречаются указания на разные годы",0.9212961196899414,3,0.08333333333333333
140,"Ива́н Ива́нович Молодо́й — удельный князь Тверской, сын и наследник великого князя Московского Ивана III Васильевича и его первой жены Марии Борисовны, дочери великого князя тверского Бориса Александровича и сестры правящего в Твери Михаила Борисовича Как племянник Михаила Борисовича, у которого не было сыновей, претендовал на наследование Великого княжества ТверскогоРодился 15 февраля 1458 года",Родился 15 февраля 1458 года,0.7787773609161377,3,0.07142857142857142
141,"Васи́лий III Иванович, по прямому имени Гавриил, в постриге Варлаам — великий князь владимирский и московский в 1505—1533, государь всея Руси Сын Ивана III Великого и Софии Палеолог, отец Ивана IV Грозного В период его правления продолжился процесс собирания русских земель, в централизованное Русское государство вошли Псков, Смоленск и Рязань"," В период его правления продолжился процесс собирания русских земель, в централизованное Русское государство вошли Псков, Смоленск и Рязань",0.9328757524490356,3,0.4
142,"Фёдор I Ива́нович, известен также по имени Феодор Блаженный, Когда родился Фёдор, Иван Грозный повелел построить церковь в Феодоровском монастыре города Переславль-Залесский Этот храм в честь Феодора Стратилата стал главным собором монастыря и сохранился до настоящего времени", Этот храм в честь Феодора Стратилата стал главным собором монастыря и сохранился до настоящего времени,0.9120308160781859,3,0.1111111111111111
143,"Ирина Фёдоровна, урождённая   Годунова, в иночестве Александра — сестра Бориса Годунова и супруга царя Фёдора І Иоанновича, номинальная правительница на русском престоле после смерти Фёдора І Иоанновича и до избрания царём Бориса Годунова с 16 января по 21 февраля 1598 годаО дате и месте её рождения сведений нет Она была взята в царские палаты в возрасте семи лет и воспитывалась там до брака[1]", Она была взята в царские палаты в возрасте семи лет и воспитывалась там до брака[1],0.9289221763610841,3,0.08333333333333333
144,"Бори́с Фёдорович Годуно́в  По Государеву родословцу, составленному около 1555 года, у Дмитрия Зерно «было три сына: Иван, да Констянтин Шея, бездетен, да Дмитрей А у Ивана Дмитреевича дети: Фёдор Сабур, Данило Подольской, бездетен, да Иван Годун»[2]"," А у Ивана Дмитреевича дети: Фёдор Сабур, Данило Подольской, бездетен, да Иван Годун»[2]",0.8911264538764954,3,0.29411764705882354
145,Фёдор II Борисович  СФ,Ф,0.7310400009155273,3,0.0
146,Васи́лий Иванович Шу́йский  После низложения жил в плену у поляковПоследний представитель рода Рюриковичей на российском престоле[3],Последний представитель рода Рюриковичей на российском престоле[3],0.9346836805343628,3,0.5
147,"Князь Дмитрий Тимофеевич Трубецкой , шенкурский державецВместе с Дмитрием Пожарским и Кузьмой Мининым руководил освобождением от поляков столицы, причём на время после изгнания поляков и до избрания Михаила Фёдоровича был избран правителем государства За свою деятельность получил титул «Спасителя отечества» и был одним из претендентов на царский престол на земском соборе 1613 года", За свою деятельность получил титул «Спасителя отечества» и был одним из претендентов на царский престол на земском соборе 1613 года,0.9289615750312804,3,0.14285714285714285
148,"Михаи́л Фёдорович 1613годаРод Романовых принадлежит к числу древних семей московского боярства Первый известный по летописям представитель этого рода и нескольких других родов— Андрей Иванович, имевший прозвище Кобыла, в 1347 году находился на службе у Великого Владимирского и Московского князя Симеона Ивановича Гордого[2]"," Первый известный по летописям представитель этого рода и нескольких других родов— Андрей Иванович, имевший прозвище Кобыла, в 1347 году находился на службе у Великого Владимирского и Московского князя Симеона Ивановича Гордого[2]",0.9528259038925172,3,0.7272727272727273
149,"Патриа́рх Филаре́т  Разрядные книги свидетельствуют, что в феврале 1585 года будущий патриарх был участником приёма во дворце литовского посла Льва Сапеги[7][8][4], а в следующем году имел чин боярина и исполнял обязанности нижегородского наместника[8][4] В 1593—1594 годах Фёдор Никитич упоминается уже как псковский наместник[8]", В 1593—1594 годах Фёдор Никитич упоминается уже как псковский наместник[8],0.9131938219070436,3,0.23076923076923078
150,"Фёдор III Алексе́евич Фёдор Алексеевич, третий сын царя Алексея Михайловича и царицы Марии Милославской был крещён во имя святого Феодора Стратилата В марте 1669 года умерла его мать", В марте 1669 года умерла его мать,0.9354191422462464,3,0.2
151,Иоа́нн — русский царь в 1682—1696 годах из династии Романовых Сын царя Алексея Михайловича Тишайшего и царицы Марии Ильиничны Милославской Старший единокровный брат и соправитель Петра I, Старший единокровный брат и соправитель Петра I,0.9396268725395204,3,0.125
152,"А́нна Иоа́нновна 1710 года была выдана замуж за герцога Курляндского Фридриха Вильгельма Овдовевшая через 2,5 месяца после свадьбы, Анна была отправлена Петром I в Курляндию После смерти Петра II была приглашена в 1730 году на российский престол Верховным тайным советом как монарх с полномочиями, ограниченными в пользу аристократов— «верховников», но при поддержке дворян восстановила абсолютизм, распустив Верховный тайный совет"," После смерти Петра II была приглашена в 1730 году на российский престол Верховным тайным советом как монарх с полномочиями, ограниченными в пользу аристократов— «верховников», но при поддержке дворян восстановила абсолютизм, распустив Верховный тайный совет",0.9322363138198853,3,0.4
153,Ива́н VI — российский император из Брауншвейгской ветви династии Романовых Царствовал с октября 1740 по ноябрь 1741 года Правнук Ивана V, Правнук Ивана V,0.8894984722137451,3,0.1111111111111111
154,"СостояниеотпатрулированаЕлизаве́та Петро́вна , младшая дочь Петра I и Екатерины I, рождённая за два года до их вступления в брак Она руководила страной во время двух главных европейских конфликтов своего времени: Войны за австрийское наследство и Семилетней войны За время её правления обследованы и заселены земли Сибири", За время её правления обследованы и заселены земли Сибири,0.9109939336776732,3,0.1111111111111111
155,"СостояниеотпатрулированаПётр III Фёдорович — император всероссийский в 1762, первый представитель Гольштейн-Готторп-Романовской династии на российском престоле C 1745 года— владетельный герцог Гольштейн-Готторпский Внук Петра I— сын его дочери Анны и Карла Фридриха Гольштейн-Готторпского", Внук Петра I— сын его дочери Анны и Карла Фридриха Гольштейн-Готторпского,0.8637539148330688,3,0.2857142857142857
156,"Гео́ргий Евге́ньевич Львов  Старший брат Алексей с 1896 года возглавлял Московское училище живописи Другой брат, Владимир, руководил с 1901 года Московским главным архивом МИДа"," Другой брат, Владимир, руководил с 1901 года Московским главным архивом МИДа",0.9352235794067384,3,0.36363636363636365
157,"Алекса́ндр Фёдорович Ке́ренский[1][2][3]  1917 года, свергнувшей Временное правительство, и безуспешной попытки вернуть власть сложил с себя все полномочия С июня 1918 года — в эмиграцииС отцовской стороны предки Александра Керенского происходят из среды провинциального духовенства",С отцовской стороны предки Александра Керенского происходят из среды провинциального духовенства,0.9012470245361328,3,0.1111111111111111
158,"Лев Бори́сович Ка́менев ; с 1922 года— заместитель председателя СНК и СТО, а после смерти Ленина— председатель СТО до января 1926 года Член ЦК в 1917—1927 годах, член Политбюро ЦК в 1919—1926 годах, а затем кандидат в члены Политбюро Член ЦИК и председатель ВЦИК СССР", Член ЦИК и председатель ВЦИК СССР,0.8788579702377319,3,0.15
159,"Я́ков Миха́йлович[прим 1] Свердло́в[6]; партийные псевдонимы: Андрей[7], Андрей Уральский[8], товарищ Андрей[3], Макс[3], Махровый[9], Михаил Пермяков[3], Михалыч[10], Смирнов[3] и др[прим",[прим,0.7369852066040039,3,0.0
160,"СостояниеотпатрулированаИо́сиф Виссарио́нович Ста́лин — российский революционер, советский политический, государственный, военный и партийный деятель С 21 января 1924 по 5 марта 1953— руководитель СССР[2][3] Маршал Советского Союза[4], Генералиссимус Советского Союза[5]"," Маршал Советского Союза[4], Генералиссимус Советского Союза[5]",0.9017794728279114,3,0.15384615384615385
161,"«Больша́я росси́йская энциклопе́дия»[1] — российская универсальная энциклопедия на русском языке[2] Издание состоит из 35 нумерованных томов и тома «Россия», и содержит более 80 тысяч статей[3] Энциклопедия издавалась с 2004 по 2017 годы научным издательством «Большая российская энциклопедия»", Энциклопедия издавалась с 2004 по 2017 годы научным издательством «Большая российская энциклопедия»,0.9034407138824464,3,0.2727272727272727
