Unnamed: 0,original,scored_text,distance,score,tfidf_distance,laser_distance,use_distance,fasttext_distance,bert_distance
0,"Вели́кое кня́жество Влади́мирское, до 1157года — Су́здальское княжество— русское княжество XII—XIVвеков, ставшее ядром современного Российского государстваВ узком смысле— территория, которой лично владел великий князь владимирский, в широком смысле— территория всех княжеств, выделившихся из Владимирского и зависимых от владимирского князя С середины XIII века сюзеренитет великих князей владимирских  признавали также Новгородская[2][3] и, с небольшими перерывами, Псковская республики[4]"," С середины XIII века сюзеренитет великих князей владимирских  признавали также Новгородская[2][3] и, с небольшими перерывами, Псковская республики[4]В узком смысле— территория, которой лично владел великий князь владимирский, в широком смысле— территория всех княжеств, выделившихся из Владимирского и зависимых от владимирского князяВели́кое кня́жество Влади́мирское, до 1157года — Су́здальское княжество— русское княжество XII—XIVвеков, ставшее ядром современного Российского государства",0.923924207687378,5,0.9725195598038945,0.9237890839576721,0.996548056602478,0.991490364074707,0.9239242
1,"Новгоро́дская респу́блика — севернорусское средневековое государство, существовавшее с 1136 года по 1478 год В период наибольшего расцвета, кроме Новгородской земли в узком смысле, включала также территории от Балтийского моря на западе до Уральских гор на востоке и от Белого моря на севере до верховьев Волги и Западной Двины на юге Находясь с 1245 года под сюзеренитетом великих князей владимирских[1][2], титул которых с XIV века стали наследовать исключительно московские князья, Новгородская республика в 1478 году была завоёвана Иваном III и полностью вошла в состав централизованного Русского государства"," Находясь с 1245 года под сюзеренитетом великих князей владимирских[1][2], титул которых с XIV века стали наследовать исключительно московские князья, Новгородская республика в 1478 году была завоёвана Иваном III и полностью вошла в состав централизованного Русского государства В период наибольшего расцвета, кроме Новгородской земли в узком смысле, включала также территории от Балтийского моря на западе до Уральских гор на востоке и от Белого моря на севере до верховьев Волги и Западной Двины на югеНовгоро́дская респу́блика — севернорусское средневековое государство, существовавшее с 1136 года по 1478 год",0.9081195592880248,5,0.9852008317955664,0.9286144971847534,0.9969719052314758,0.9975636601448059,0.9081195
2,"Вели́кое кня́жество Лито́вское— восточноевропейское государство, существовавшее с середины XIII века по 1795 год на территории современных Белоруссии  Обширные земли Руси, попавшие под власть Великого княжества Литовского и составлявшие львиную долю его территории, именуются Литовской РусьюС 1385 года находилось в личной унии с Королевством Польским, а с 1569 года— в сеймовой Люблинской унии в составе федеративной Речи Посполитой","С 1385 года находилось в личной унии с Королевством Польским, а с 1569 года— в сеймовой Люблинской унии в составе федеративной Речи Посполитой Обширные земли Руси, попавшие под власть Великого княжества Литовского и составлявшие львиную долю его территории, именуются Литовской РусьюВели́кое кня́жество Лито́вское— восточноевропейское государство, существовавшее с середины XIII века по 1795 год на территории современных Белоруссии ",0.8618826270103455,5,0.9814522687880207,0.932798445224762,0.9952438473701477,0.996993362903595,0.86188275
3,"Вели́кое кня́жество Моско́вское— средневековое русское княжество, существовавшее с 1263 по 1478 годы[1] Первоначально удел Великого княжества Владимирского, соперничавший с другими удельными княжествами за великокняжеский ярлык, выдаваемый ордынскими ханами Возвышению Москвы и укреплению её авторитета на Руси способствовал перенос кафедры киевского митрополита Петра из Владимира в Москву в 1325 году"," Возвышению Москвы и укреплению её авторитета на Руси способствовал перенос кафедры киевского митрополита Петра из Владимира в Москву в 1325 году Первоначально удел Великого княжества Владимирского, соперничавший с другими удельными княжествами за великокняжеский ярлык, выдаваемый ордынскими ханамиВели́кое кня́жество Моско́вское— средневековое русское княжество, существовавшее с 1263 по 1478 годы[1]",0.9014164209365844,5,0.9763847573119712,0.9005692601203918,0.9938626289367676,0.9877346754074097,0.9014163
4,"Оле́г — князь Новгородский с 879 года и великий князь Киевский с 882 годаПолучив власть над новгородскими землями после смерти Рюрика, как регент его малолетнего сына Игоря, Олег захватил Киев и перенёс туда столицу, объединив тем самым два главных центра восточных славян "," Получив власть над новгородскими землями после смерти Рюрика, как регент его малолетнего сына Игоря, Олег захватил Киев и перенёс туда столицу, объединив тем самым два главных центра восточных славянОле́г — князь Новгородский с 879 года и великий князь Киевский с 882 года",0.9165088534355164,5,0.9457463549147763,0.9041597247123718,0.9952195286750793,0.9785259962081909,0.9165088
5,"Святосла́в Яросла́вич, в крещении Николай[1]  годом: «Родися третий сынъ Ярославу, и нарече имя ему Святославъ»[3] Второй раз в 1054 году, когда Ярослав поделил Русь между сыновьями"," Второй раз в 1054 году, когда Ярослав поделил Русь между сыновьями»[3]Святосла́в Яросла́вич, в крещении Николай[1]  годом: «Родися третий сынъ Ярославу, и нарече имя ему Святославъ",0.9031904339790344,5,1.0,0.9025887250900269,0.988219141960144,0.9751269221305847,0.9031903
6,"Святопо́лк В 1069 году отец посадил Святополка в Полоцке на место умершего Мстислава[2] В 1071 году Всеслав Брячиславич, прежний князь Полоцкий, вернул себе волость"," В 1071 году Всеслав Брячиславич, прежний князь Полоцкий, вернул себе волостьВ 1069 году отец посадил Святополка в Полоцке на место умершего Мстислава[2]Святопо́лк ",0.9112085700035096,5,0.9721190440391735,0.8986941576004028,0.9790883660316467,0.9891240000724792,0.9112085
7,"Влади́мир Все́володович Монома́х , государственный деятель, военачальник, писатель, мыслитель На сохранившихся печатях Владимир Мономах использовал также титул архонт всея земли Русской, на манер византийского титула[3][4]Владимир Мономах был сыном князя Всеволода Ярославича","Владимир Мономах был сыном князя Всеволода Ярославича На сохранившихся печатях Владимир Мономах использовал также титул архонт всея земли Русской, на манер византийского титула[3][4]Влади́мир Все́володович Монома́х , государственный деятель, военачальник, писатель, мыслитель",0.9334312081336976,5,1.0,0.9204868078231812,0.9901785850524902,0.9983083605766296,0.9334312
8,"Яропо́лк Влади́мирович — сын Владимира Мономаха, князь переяславский, великий князь киевский с 1132 При нём распалось единое Древнерусское государствоЯрополк родился, вероятнее всего, в Чернигове, где тогда княжил его отец Владимир Мономах","Ярополк родился, вероятнее всего, в Чернигове, где тогда княжил его отец Владимир Мономах При нём распалось единое Древнерусское государствоЯропо́лк Влади́мирович — сын Владимира Мономаха, князь переяславский, великий князь киевский с 1132",0.9335373044013976,5,0.955502885883294,0.9084437489509583,0.9983962178230286,0.9963223338127136,0.93353736
9,Все́волод О́льгович Всеволод был старшим сыном князя Олега Святославича[2] В 1111 году он вместе с другими князьями принимал участие в походе на половцев, В 1111 году он вместе с другими князьями принимал участие в походе на половцевВсеволод был старшим сыном князя Олега Святославича[2]Все́волод О́льгович ,0.908122181892395,5,0.9392161450284081,0.8875905871391296,0.989641547203064,0.9234471321105957,0.90812224
10,"Ростисла́в Мстисла́вич  сын Мстислава, внук Владимира Мономаха Мать— Христина Шведская, дочь шведского короля Инге СтаршегоРостислав был лучшим блюстителем народных вечевых прав","Ростислав был лучшим блюстителем народных вечевых прав Мать— Христина Шведская, дочь шведского короля Инге СтаршегоРостисла́в Мстисла́вич  сын Мстислава, внук Владимира Мономаха",0.9122120141983032,5,0.9208510284045874,0.9242196679115295,0.9879376888275146,0.9868113398551941,0.91221195
11,"Глеб Ю́рьевич — князь Переяславский и Киевский, сын Юрия Долгорукого от брака с дочерью половецкого хана Аепы, брат Андрея БоголюбскогоВпервые упоминается в летописи в 1146/47 году В этом году 24 февраля в Колтеске умер его брат, курский князь Иван"," В этом году 24 февраля в Колтеске умер его брат, курский князь ИванВпервые упоминается в летописи в 1146/47 годуГлеб Ю́рьевич — князь Переяславский и Киевский, сын Юрия Долгорукого от брака с дочерью половецкого хана Аепы, брат Андрея Боголюбского",0.8873586058616638,5,0.9434210059548397,0.9186807870864868,0.9890578389167786,0.9717416167259216,0.88735855
12,"Роман Ростиславич В 1151 году помогал Изяславу Мстиславичу отстаивать Киев от Юрия Долгорукого, много содействовал поражению последнего при реке Руте и защищал от него Чернигов В следующем году помогал Изяславу против Святослава Ольговича"," В следующем году помогал Изяславу против Святослава ОльговичаВ 1151 году помогал Изяславу Мстиславичу отстаивать Киев от Юрия Долгорукого, много содействовал поражению последнего при реке Руте и защищал от него ЧерниговРоман Ростиславич ",0.9196146130561828,5,0.9492071413730763,0.9570452570915222,0.9800654649734497,0.9737468361854553,0.9196146
13,"Рюрик Ростиславич[6][7][8]После смерти отца в 1167 году Рюрик остался княжить в Овруче, вытребовав владения у нового киевского князя и своего двоюродного брата Мстислава Изяславича Конфликтом за киевские волости воспользовался Андрей Боголюбский, и в 1169 году взял Киев для своего брата Глеба Юрьевича"," Конфликтом за киевские волости воспользовался Андрей Боголюбский, и в 1169 году взял Киев для своего брата Глеба ЮрьевичаПосле смерти отца в 1167 году Рюрик остался княжить в Овруче, вытребовав владения у нового киевского князя и своего двоюродного брата Мстислава ИзяславичаРюрик Ростиславич[6][7][8]",0.9018374681472778,5,0.9557893956196651,0.919535219669342,0.9929370880126953,0.9798611998558044,0.9018372
14,"Ростисла́в Рю́рикович , произошедшем во время пребывания «на Лучине» на пути из Новгорода в Смоленск, сообщается в Ипатьевской летописи, в сюжете под 1173 годом[3] В 1172 году «дасть ему отець его Лучин город в нем же родися»","дасть ему отець его Лучин город в нем же родися» В 1172 году «Ростисла́в Рю́рикович , произошедшем во время пребывания «на Лучине» на пути из Новгорода в Смоленск, сообщается в Ипатьевской летописи, в сюжете под 1173 годом[3]",0.919216513633728,5,1.0,0.9218624830245972,0.9829021692276001,0.9669973254203796,0.91921645
15,Яросла́в  родился 8 февраля 1191г в Переяславле Залесском 27 апреля 1194г, 27 апреля 1194г в Переяславле ЗалесскомЯросла́в  родился 8 февраля 1191г,0.9082199931144714,5,0.9071719732207939,0.8973889946937561,0.9718602299690247,0.9847736954689026,0.90821993
16,"Ростислав Мстиславич— Занял смоленский престол по смерти Мстислава Давыдовича в 1230 году В 1232 году был изгнан Святославом Мстиславичем, пришедшим с полоцкими войсками"," В 1232 году был изгнан Святославом Мстиславичем, пришедшим с полоцкими войскамиЗанял смоленский престол по смерти Мстислава Давыдовича в 1230 годуРостислав Мстиславич— ",0.8921184539794922,5,0.8926319693935354,0.9182262420654297,0.9896686673164368,0.9630367755889893,0.8921184
17,"Дании́л Рома́нович  и Ефросиньи-АнныПосле гибели отца в 1205 году стал галицким князем, но вскоре лишился престола С 1215 года княжил на Волыни и к 1231 году завершил объединение волынских земель"," С 1215 года княжил на Волыни и к 1231 году завершил объединение волынских земельПосле гибели отца в 1205 году стал галицким князем, но вскоре лишился престолаДании́л Рома́нович  и Ефросиньи-Анны",0.8938224315643309,5,0.887876572933714,0.9017332792282104,0.9536895751953125,0.9795131683349609,0.8938225
18,"Алекса́ндр Яросла́вич Не́вский[комм 1]  Мстиславны, торопецкой княжны, дочери князя новгородского и галицкого Мстислава Удатного[2] По мнению историка Ю"," По мнению историка Ю 1]  Мстиславны, торопецкой княжны, дочери князя новгородского и галицкого Мстислава Удатного[2]Алекса́ндр Яросла́вич Не́вский[комм",0.9249184131622314,5,1.0,0.9221286773681641,0.9635798335075378,0.9982288479804993,0.9249184
19,"Ю́рий Третий сын Великого князя Владимирского Всеволода Юрьевича Большое Гнездо от первого брака, с Марией Шварновной Канонизирован Русской православной церковью в лике благоверных князей"," Канонизирован Русской православной церковью в лике благоверных князейТретий сын Великого князя Владимирского Всеволода Юрьевича Большое Гнездо от первого брака, с Марией ШварновнойЮ́рий ",0.9039799571037292,5,0.9336574995646326,0.9019383788108826,0.9430151581764221,0.965943455696106,0.90397996
20,"Константи́н Все́володович  До 1205 года он находился при отце, присутствуя, как представитель последнего, при освящении церквей во Владимире и участвуя в 1198 году в походе к Дону на половцев В конце 1190-х годов недолго княжил в Переяславле-Южном"," В конце 1190-х годов недолго княжил в Переяславле-Южном До 1205 года он находился при отце, присутствуя, как представитель последнего, при освящении церквей во Владимире и участвуя в 1198 году в походе к Дону на половцевКонстанти́н Все́володович ",0.9087395668029784,5,0.9630243066071236,0.9433035254478455,0.9893416166305542,0.9395284056663513,0.90873957
21,"Святосла́в Все́володович  февраля и в Соборе Владимирских святыхВ январе 1200 года он был назначен на княжение в Новгороде, а затем был сменён старшим братом, Константином в 1205 г и снова вернулся в Новгород 9 февраля 1208 года[2] Однако, уже следующей зимой Святослав был захвачен пригласившими на княжение Мстислава Удатного новгородцами и освобождён после похода владимирских войск во главе со старшими Всеволодовичами на Торжок"," Однако, уже следующей зимой Святослав был захвачен пригласившими на княжение Мстислава Удатного новгородцами и освобождён после похода владимирских войск во главе со старшими Всеволодовичами на Торжок и снова вернулся в Новгород 9 февраля 1208 года[2]Святосла́в Все́володович  февраля и в Соборе Владимирских святыхВ январе 1200 года он был назначен на княжение в Новгороде, а затем был сменён старшим братом, Константином в 1205 г",0.9014404416084291,5,1.0,0.9378279447555542,0.98811936378479,0.9878647327423096,0.90144044
22,"Васи́лий Яросла́вич  Младший сын Ярослава Всеволодовича, великого князя киевского и владимирскогоРодился в городе Владимире","Родился в городе Владимире Младший сын Ярослава Всеволодовича, великого князя киевского и владимирскогоВаси́лий Яросла́вич ",0.8910274505615234,5,0.8735916405305028,0.9459763169288635,0.9659475088119507,0.9735935926437378,0.8910274
23,"Андре́й Алекса́ндрович, Андре́й Городе́цкий Из рода Рюриковичей, третий сын Александра Невского По завещанию отца получил в удел выделенное из состава Суздальского Городецкое княжество, которое оставалось в его владении до самой смерти"," По завещанию отца получил в удел выделенное из состава Суздальского Городецкое княжество, которое оставалось в его владении до самой смертиИз рода Рюриковичей, третий сын Александра НевскогоАндре́й Алекса́ндрович, Андре́й Городе́цкий ",0.8681891560554504,5,0.9505141217142551,0.8644907474517822,0.9769271016120911,0.9795390367507935,0.8681891
24,"Это статья о тверском и великом владимирском князе О московском князе, около года занимавшем владимирский престол, см Михаил Ярославич ХоробритМихаи́л Яросла́вич "," Михаил Ярославич ХоробритМихаи́л Яросла́вич  О московском князе, около года занимавшем владимирский престол, смЭто статья о тверском и великом владимирском князе",0.908312439918518,5,0.940864145245093,0.8916505575180054,0.9821751117706299,0.8671163320541382,0.90831244
25,"Ю́рий — московский князь в 1303—1325, великий князь Владимирский в 1318—1322, князь Новгородский в 1322—1325Старший сын московского князя Даниила Александровича, внук Александра Невского Княжил в Переславле-Залесском, а с 1303года— в Москве"," Княжил в Переславле-Залесском, а с 1303года— в МосквеСтарший сын московского князя Даниила Александровича, внук Александра НевскогоЮ́рий — московский князь в 1303—1325, великий князь Владимирский в 1318—1322, князь Новгородский в 1322—1325",0.9076042175292968,5,0.9231445751653965,0.9482261538505554,0.9941943287849426,0.9909749627113342,0.9076042
26,"Алекса́ндр Миха́йлович  Убит в Орде вместе с сыном ФёдоромВ 1318 году Великий князь Тверской Михаил Ярославич, отправляясь в Орду, разделил свою вотчину между Александром и его старшим братом, Дмитрием Грозные Очи","В 1318 году Великий князь Тверской Михаил Ярославич, отправляясь в Орду, разделил свою вотчину между Александром и его старшим братом, Дмитрием Грозные Очи Убит в Орде вместе с сыном ФёдоромАлекса́ндр Миха́йлович ",0.8966171145439148,5,0.9633380711438405,0.9216341972351074,0.9762676358222961,0.9074150919914246,0.8966173
27,"Семён Ива́нович  И все князья Владимирской Руси, не желая наследника Калиты— Симеона Ивановича,— предлагали хану выдать ярлык на великое княжение Владимирское Константину Васильевичу Суздальскому, старшему из них по лествичному правуПока Симеон находился в Орде, в Москве вспыхнула первая крупная рознь между боярами, вызванная смертью московского тысяцкого Протасия Фёдоровича, который был тысяцким при Данииле Александровиче и Юрии и Иване Данииловичах","Пока Симеон находился в Орде, в Москве вспыхнула первая крупная рознь между боярами, вызванная смертью московского тысяцкого Протасия Фёдоровича, который был тысяцким при Данииле Александровиче и Юрии и Иване Данииловичах И все князья Владимирской Руси, не желая наследника Калиты— Симеона Ивановича,— предлагали хану выдать ярлык на великое княжение Владимирское Константину Васильевичу Суздальскому, старшему из них по лествичному правуСемён Ива́нович ",0.8888435363769531,5,0.9777503055685165,0.9121515154838562,0.9939566254615784,0.9924108982086182,0.88884354
28,"Дми́трий Ива́нович  Сын князя Ивана II Красного и его второй жены, княгини Александры ИвановныВ правление Дмитрия Московское княжество стало одним из главных центров объединения русских земель, а Владимирское великое княжество стало наследственной собственностью московских князей, хотя при этом из-под его влияния вышли Тверское и Смоленское княжества","В правление Дмитрия Московское княжество стало одним из главных центров объединения русских земель, а Владимирское великое княжество стало наследственной собственностью московских князей, хотя при этом из-под его влияния вышли Тверское и Смоленское княжества Сын князя Ивана II Красного и его второй жены, княгини Александры ИвановныДми́трий Ива́нович ",0.9086259007453918,5,0.9775429492401894,0.9063627123832703,0.9969930648803711,0.997198224067688,0.9086259
29,"Васи́лий I Дми́триевич — великий князь московский и владимирский с 1389 года, старший сын Дмитрия Ивановича Донского и великой княгини Евдокии, дочери великого князя нижегородско-суздальского Дмитрия Константиновича Был женат на Софье— единственной дочери великого князя литовского ВитовтаРодился за день до празднования памяти святого Василия Кесарийского, и получил имя в его честь, в дальнейшем изображал его на своих печатях[1]","Родился за день до празднования памяти святого Василия Кесарийского, и получил имя в его честь, в дальнейшем изображал его на своих печатях[1] Был женат на Софье— единственной дочери великого князя литовского ВитовтаВаси́лий I Дми́триевич — великий князь московский и владимирский с 1389 года, старший сын Дмитрия Ивановича Донского и великой княгини Евдокии, дочери великого князя нижегородско-суздальского Дмитрия Константиновича",0.8894358277320862,5,0.9712655834183732,0.9052810072898865,0.9899986982345581,0.996525764465332,0.8894358
30,"Ю́рий Дми́триевич  Юрий был очень популярен как удачливый полководец и опытный дипломат, а также покровитель искусств и литературы Был женат на Анастасии, дочери великого князя смоленского Юрия Святославича"," Был женат на Анастасии, дочери великого князя смоленского Юрия Святославича Юрий был очень популярен как удачливый полководец и опытный дипломат, а также покровитель искусств и литературыЮ́рий Дми́триевич ",0.910639464855194,5,0.973144407229171,0.899269700050354,0.9878466725349426,0.9805307388305664,0.9106394
31,"СостояниеотпатрулированаДми́трий Ю́рьевич Шемя́ка — Великий князь Московский, а также князь Углицкий, князь Галицкий; сын Великого князя Московского Юрия Дмитриевича и княгини Анастасии Юрьевны, дочери последнего великого князя Смоленского Юрия Святославича, один из главных участников Междоусобной войны второй четверти XV века[2]:32[2]:95[3]:194, 195, 212 В летописях Дмитрий Юрьевич упоминается с 1433 года[4]:106 Точная дата рождения неизвестна[4]:106, в литературе встречаются указания на разные годы"," Точная дата рождения неизвестна[4]:106, в литературе встречаются указания на разные годы В летописях Дмитрий Юрьевич упоминается с 1433 года[4]:106СостояниеотпатрулированаДми́трий Ю́рьевич Шемя́ка — Великий князь Московский, а также князь Углицкий, князь Галицкий; сын Великого князя Московского Юрия Дмитриевича и княгини Анастасии Юрьевны, дочери последнего великого князя Смоленского Юрия Святославича, один из главных участников Междоусобной войны второй четверти XV века[2]:32[2]:95[3]:194, 195, 212",0.904771089553833,5,0.980562629701753,0.9345195293426514,0.9992411732673645,0.9966667890548706,0.9047711
32,"Ива́н Ива́нович Молодо́й — удельный князь Тверской, сын и наследник великого князя Московского Ивана III Васильевича и его первой жены Марии Борисовны, дочери великого князя тверского Бориса Александровича и сестры правящего в Твери Михаила Борисовича Как племянник Михаила Борисовича, у которого не было сыновей, претендовал на наследование Великого княжества ТверскогоРодился 15 февраля 1458 года","Родился 15 февраля 1458 года Как племянник Михаила Борисовича, у которого не было сыновей, претендовал на наследование Великого княжества ТверскогоИва́н Ива́нович Молодо́й — удельный князь Тверской, сын и наследник великого князя Московского Ивана III Васильевича и его первой жены Марии Борисовны, дочери великого князя тверского Бориса Александровича и сестры правящего в Твери Михаила Борисовича",0.9046511054039,5,0.9735635814773963,0.9162470102310181,0.989608883857727,0.9969237446784973,0.90465117
33,"Васи́лий III Иванович, по прямому имени Гавриил, в постриге Варлаам — великий князь владимирский и московский в 1505—1533, государь всея Руси Сын Ивана III Великого и Софии Палеолог, отец Ивана IV Грозного В период его правления продолжился процесс собирания русских земель, в централизованное Русское государство вошли Псков, Смоленск и Рязань"," В период его правления продолжился процесс собирания русских земель, в централизованное Русское государство вошли Псков, Смоленск и Рязань Сын Ивана III Великого и Софии Палеолог, отец Ивана IV ГрозногоВаси́лий III Иванович, по прямому имени Гавриил, в постриге Варлаам — великий князь владимирский и московский в 1505—1533, государь всея Руси",0.8959710597991943,5,0.9769817297420978,0.9228984117507935,0.9885495901107788,0.988502562046051,0.89597106
34,"Фёдор I Ива́нович, известен также по имени Феодор Блаженный, Когда родился Фёдор, Иван Грозный повелел построить церковь в Феодоровском монастыре города Переславль-Залесский Этот храм в честь Феодора Стратилата стал главным собором монастыря и сохранился до настоящего времени"," Этот храм в честь Феодора Стратилата стал главным собором монастыря и сохранился до настоящего времениКогда родился Фёдор, Иван Грозный повелел построить церковь в Феодоровском монастыре города Переславль-ЗалесскийФёдор I Ива́нович, известен также по имени Феодор Блаженный, ",0.9000716805458069,5,0.9469550498343102,0.925243616104126,0.9838660955429077,0.9736099243164062,0.9000717
35,"Ирина Фёдоровна, урождённая   Годунова, в иночестве Александра — сестра Бориса Годунова и супруга царя Фёдора І Иоанновича, номинальная правительница на русском престоле после смерти Фёдора І Иоанновича и до избрания царём Бориса Годунова с 16 января по 21 февраля 1598 годаО дате и месте её рождения сведений нет Она была взята в царские палаты в возрасте семи лет и воспитывалась там до брака[1]"," Она была взята в царские палаты в возрасте семи лет и воспитывалась там до брака[1]О дате и месте её рождения сведений нетИрина Фёдоровна, урождённая   Годунова, в иночестве Александра — сестра Бориса Годунова и супруга царя Фёдора І Иоанновича, номинальная правительница на русском престоле после смерти Фёдора І Иоанновича и до избрания царём Бориса Годунова с 16 января по 21 февраля 1598 года",0.9021537303924559,5,0.9709769828554302,0.9346790909767151,0.9908381700515747,0.9711622595787048,0.9021536
36,"Бори́с Фёдорович Годуно́в  По Государеву родословцу, составленному около 1555 года, у Дмитрия Зерно «было три сына: Иван, да Констянтин Шея, бездетен, да Дмитрей А у Ивана Дмитреевича дети: Фёдор Сабур, Данило Подольской, бездетен, да Иван Годун»[2]"," А у Ивана Дмитреевича дети: Фёдор Сабур, Данило Подольской, бездетен, да Иван Годун»[2] По Государеву родословцу, составленному около 1555 года, у Дмитрия Зерно «было три сына: Иван, да Констянтин Шея, бездетен, да ДмитрейБори́с Фёдорович Годуно́в ",0.8990115523338318,5,0.9759016981053561,0.9245061278343201,0.9784767627716064,0.9643978476524353,0.89901155
37,Фёдор II Борисович  СФ,Ф СФёдор II Борисович ,0.7730668783187866,5,0.7238591226152321,0.9278607368469238,0.8770279884338379,0.6410811543464661,0.7730669
38,Васи́лий Иванович Шу́йский  После низложения жил в плену у поляковПоследний представитель рода Рюриковичей на российском престоле[3],Последний представитель рода Рюриковичей на российском престоле[3] После низложения жил в плену у поляковВаси́лий Иванович Шу́йский ,0.915444314479828,5,0.9309728380790567,0.8960820436477661,0.9498324394226074,0.9838296175003052,0.91544425
39,"Князь Дмитрий Тимофеевич Трубецкой , шенкурский державецВместе с Дмитрием Пожарским и Кузьмой Мининым руководил освобождением от поляков столицы, причём на время после изгнания поляков и до избрания Михаила Фёдоровича был избран правителем государства За свою деятельность получил титул «Спасителя отечества» и был одним из претендентов на царский престол на земском соборе 1613 года"," За свою деятельность получил титул «Спасителя отечества» и был одним из претендентов на царский престол на земском соборе 1613 годаВместе с Дмитрием Пожарским и Кузьмой Мининым руководил освобождением от поляков столицы, причём на время после изгнания поляков и до избрания Михаила Фёдоровича был избран правителем государстваКнязь Дмитрий Тимофеевич Трубецкой , шенкурский державец",0.9207772016525269,5,0.9712424059712645,0.9120391011238098,0.9903956651687622,0.9766872525215149,0.9207772
40,"Михаи́л Фёдорович 1613годаРод Романовых принадлежит к числу древних семей московского боярства Первый известный по летописям представитель этого рода и нескольких других родов— Андрей Иванович, имевший прозвище Кобыла, в 1347 году находился на службе у Великого Владимирского и Московского князя Симеона Ивановича Гордого[2]"," Первый известный по летописям представитель этого рода и нескольких других родов— Андрей Иванович, имевший прозвище Кобыла, в 1347 году находился на службе у Великого Владимирского и Московского князя Симеона Ивановича Гордого[2]Род Романовых принадлежит к числу древних семей московского боярстваМихаи́л Фёдорович 1613года",0.8802515268325806,5,0.9474181415932669,0.9295979142189026,0.9826748371124268,0.964178204536438,0.88025147
41,"Патриа́рх Филаре́т  Разрядные книги свидетельствуют, что в феврале 1585 года будущий патриарх был участником приёма во дворце литовского посла Льва Сапеги[7][8][4], а в следующем году имел чин боярина и исполнял обязанности нижегородского наместника[8][4] В 1593—1594 годах Фёдор Никитич упоминается уже как псковский наместник[8]"," В 1593—1594 годах Фёдор Никитич упоминается уже как псковский наместник[8] Разрядные книги свидетельствуют, что в феврале 1585 года будущий патриарх был участником приёма во дворце литовского посла Льва Сапеги[7][8][4], а в следующем году имел чин боярина и исполнял обязанности нижегородского наместника[8][4]Патриа́рх Филаре́т ",0.936086654663086,5,1.0,0.9274756908416748,0.9898057579994202,0.9962058067321777,0.9360866
42,"Фёдор III Алексе́евич Фёдор Алексеевич, третий сын царя Алексея Михайловича и царицы Марии Милославской был крещён во имя святого Феодора Стратилата В марте 1669 года умерла его мать"," В марте 1669 года умерла его матьФёдор Алексеевич, третий сын царя Алексея Михайловича и царицы Марии Милославской был крещён во имя святого Феодора СтратилатаФёдор III Алексе́евич ",0.8805454969406128,5,0.905166007057306,0.9357935786247253,0.9464418888092041,0.9444237947463989,0.8805456
43,Иоа́нн — русский царь в 1682—1696 годах из династии Романовых Сын царя Алексея Михайловича Тишайшего и царицы Марии Ильиничны Милославской Старший единокровный брат и соправитель Петра I, Старший единокровный брат и соправитель Петра I Сын царя Алексея Михайловича Тишайшего и царицы Марии Ильиничны МилославскойИоа́нн — русский царь в 1682—1696 годах из династии Романовых,0.9244513511657716,5,0.9569464105218325,0.8939377069473267,0.9929397702217102,0.9942604899406433,0.9244513
44,"А́нна Иоа́нновна 1710 года была выдана замуж за герцога Курляндского Фридриха Вильгельма Овдовевшая через 2,5 месяца после свадьбы, Анна была отправлена Петром I в Курляндию После смерти Петра II была приглашена в 1730 году на российский престол Верховным тайным советом как монарх с полномочиями, ограниченными в пользу аристократов— «верховников», но при поддержке дворян восстановила абсолютизм, распустив Верховный тайный совет"," После смерти Петра II была приглашена в 1730 году на российский престол Верховным тайным советом как монарх с полномочиями, ограниченными в пользу аристократов— «верховников», но при поддержке дворян восстановила абсолютизм, распустив Верховный тайный совет Овдовевшая через 2,5 месяца после свадьбы, Анна была отправлена Петром I в КурляндиюА́нна Иоа́нновна 1710 года была выдана замуж за герцога Курляндского Фридриха Вильгельма",0.8851432800292969,5,0.989808863296624,0.9159980416297913,0.9952546954154968,0.9981638193130493,0.8851433
45,Ива́н VI — российский император из Брауншвейгской ветви династии Романовых Царствовал с октября 1740 по ноябрь 1741 года Правнук Ивана V, Правнук Ивана V Царствовал с октября 1740 по ноябрь 1741 годаИва́н VI — российский император из Брауншвейгской ветви династии Романовых,0.90522438287735,5,0.9747992888587139,0.9131885766983032,0.9922304749488831,0.9533926844596863,0.90522444
46,"СостояниеотпатрулированаЕлизаве́та Петро́вна , младшая дочь Петра I и Екатерины I, рождённая за два года до их вступления в брак Она руководила страной во время двух главных европейских конфликтов своего времени: Войны за австрийское наследство и Семилетней войны За время её правления обследованы и заселены земли Сибири"," За время её правления обследованы и заселены земли Сибири Она руководила страной во время двух главных европейских конфликтов своего времени: Войны за австрийское наследство и Семилетней войныСостояниеотпатрулированаЕлизаве́та Петро́вна , младшая дочь Петра I и Екатерины I, рождённая за два года до их вступления в брак",0.9146324396133424,5,0.9769408951712847,0.8848361968994141,0.9919211864471436,0.9909973740577698,0.91463244
47,"СостояниеотпатрулированаПётр III Фёдорович — император всероссийский в 1762, первый представитель Гольштейн-Готторп-Романовской династии на российском престоле C 1745 года— владетельный герцог Гольштейн-Готторпский Внук Петра I— сын его дочери Анны и Карла Фридриха Гольштейн-Готторпского"," Внук Петра I— сын его дочери Анны и Карла Фридриха Гольштейн-Готторпского C 1745 года— владетельный герцог Гольштейн-ГотторпскийСостояниеотпатрулированаПётр III Фёдорович — император всероссийский в 1762, первый представитель Гольштейн-Готторп-Романовской династии на российском престоле",0.9308074116706848,5,0.9654360647100784,0.9296161532402039,0.9984748363494873,0.993041455745697,0.9308075
48,"Гео́ргий Евге́ньевич Львов  Старший брат Алексей с 1896 года возглавлял Московское училище живописи Другой брат, Владимир, руководил с 1901 года Московским главным архивом МИДа"," Другой брат, Владимир, руководил с 1901 года Московским главным архивом МИДа Старший брат Алексей с 1896 года возглавлял Московское училище живописиГео́ргий Евге́ньевич Львов ",0.9003123044967651,5,0.9532370999190944,0.9234708547592163,0.9748609066009521,0.9954756498336792,0.9003123
49,"Алекса́ндр Фёдорович Ке́ренский[1][2][3]  1917 года, свергнувшей Временное правительство, и безуспешной попытки вернуть власть сложил с себя все полномочия С июня 1918 года — в эмиграцииС отцовской стороны предки Александра Керенского происходят из среды провинциального духовенства","С отцовской стороны предки Александра Керенского происходят из среды провинциального духовенства С июня 1918 года — в эмиграцииАлекса́ндр Фёдорович Ке́ренский[1][2][3]  1917 года, свергнувшей Временное правительство, и безуспешной попытки вернуть власть сложил с себя все полномочия",0.8966214656829834,5,0.9708209703835498,0.8887159824371338,0.9834531545639038,0.9984452128410339,0.89662147
50,"Лев Бори́сович Ка́менев ; с 1922 года— заместитель председателя СНК и СТО, а после смерти Ленина— председатель СТО до января 1926 года Член ЦК в 1917—1927 годах, член Политбюро ЦК в 1919—1926 годах, а затем кандидат в члены Политбюро Член ЦИК и председатель ВЦИК СССР"," Член ЦИК и председатель ВЦИК СССР Член ЦК в 1917—1927 годах, член Политбюро ЦК в 1919—1926 годах, а затем кандидат в члены ПолитбюроЛев Бори́сович Ка́менев ; с 1922 года— заместитель председателя СНК и СТО, а после смерти Ленина— председатель СТО до января 1926 года",0.9132092595100404,5,0.9807478596591597,0.931797206401825,0.989368200302124,0.9736467599868774,0.9132092
51,"Я́ков Миха́йлович[прим 1] Свердло́в[6]; партийные псевдонимы: Андрей[7], Андрей Уральский[8], товарищ Андрей[3], Макс[3], Махровый[9], Михаил Пермяков[3], Михалыч[10], Смирнов[3] и др[прим","[прим 1] Свердло́в[6]; партийные псевдонимы: Андрей[7], Андрей Уральский[8], товарищ Андрей[3], Макс[3], Махровый[9], Михаил Пермяков[3], Михалыч[10], Смирнов[3] и дрЯ́ков Миха́йлович[прим",0.9553270936012268,5,0.9798274374292094,0.9755468368530273,0.9943111538887024,0.9971796870231628,0.95532703
52,"СостояниеотпатрулированаИо́сиф Виссарио́нович Ста́лин — российский революционер, советский политический, государственный, военный и партийный деятель С 21 января 1924 по 5 марта 1953— руководитель СССР[2][3] Маршал Советского Союза[4], Генералиссимус Советского Союза[5]"," Маршал Советского Союза[4], Генералиссимус Советского Союза[5] С 21 января 1924 по 5 марта 1953— руководитель СССР[2][3]СостояниеотпатрулированаИо́сиф Виссарио́нович Ста́лин — российский революционер, советский политический, государственный, военный и партийный деятель",0.9287479519844056,5,1.0,0.9046509265899658,0.9963515400886536,0.9955269694328308,0.9287479
53,"«Больша́я росси́йская энциклопе́дия»[1] — российская универсальная энциклопедия на русском языке[2] Издание состоит из 35 нумерованных томов и тома «Россия», и содержит более 80 тысяч статей[3] Энциклопедия издавалась с 2004 по 2017 годы научным издательством «Большая российская энциклопедия»"," Энциклопедия издавалась с 2004 по 2017 годы научным издательством «Большая российская энциклопедия» Издание состоит из 35 нумерованных томов и тома «Россия», и содержит более 80 тысяч статей[3]«Больша́я росси́йская энциклопе́дия»[1] — российская универсальная энциклопедия на русском языке[2]",0.9356387257575988,5,0.9999999999999999,0.9333810210227966,0.9980629086494446,0.9992688298225403,0.9356387
54,"Вели́кое кня́жество Влади́мирское, до 1157года — Су́здальское княжество— русское княжество XII—XIVвеков, ставшее ядром современного Российского государстваВ узком смысле— территория, которой лично владел великий князь владимирский, в широком смысле— территория всех княжеств, выделившихся из Владимирского и зависимых от владимирского князя С середины XIII века сюзеренитет великих князей владимирских  признавали также Новгородская[2][3] и, с небольшими перерывами, Псковская республики[4]","Вели́кое кня́жество Влади́мирское, до 1157года — Су́здальское княжество— русское княжество XII—XIVвеков, ставшее ядром современного Российского государстваВ узком смысле— территория, которой лично владел великий князь владимирский, в широком смысле— территория всех княжеств, выделившихся из Владимирского и зависимых от владимирского князя",0.9626457691192628,4,0.8769413802088947,0.9405030012130737,0.9265552759170532,0.850763201713562,0.96264577
55,"Новгоро́дская респу́блика — севернорусское средневековое государство, существовавшее с 1136 года по 1478 год В период наибольшего расцвета, кроме Новгородской земли в узком смысле, включала также территории от Балтийского моря на западе до Уральских гор на востоке и от Белого моря на севере до верховьев Волги и Западной Двины на юге Находясь с 1245 года под сюзеренитетом великих князей владимирских[1][2], титул которых с XIV века стали наследовать исключительно московские князья, Новгородская республика в 1478 году была завоёвана Иваном III и полностью вошла в состав централизованного Русского государства","Новгоро́дская респу́блика — севернорусское средневековое государство, существовавшее с 1136 года по 1478 год В период наибольшего расцвета, кроме Новгородской земли в узком смысле, включала также территории от Балтийского моря на западе до Уральских гор на востоке и от Белого моря на севере до верховьев Волги и Западной Двины на юге",0.948339343070984,4,0.7919724105913724,0.9031741619110107,0.8471583724021912,0.8897423148155212,0.94833934
56,"Вели́кое кня́жество Лито́вское— восточноевропейское государство, существовавшее с середины XIII века по 1795 год на территории современных Белоруссии  Обширные земли Руси, попавшие под власть Великого княжества Литовского и составлявшие львиную долю его территории, именуются Литовской РусьюС 1385 года находилось в личной унии с Королевством Польским, а с 1569 года— в сеймовой Люблинской унии в составе федеративной Речи Посполитой","Вели́кое кня́жество Лито́вское— восточноевропейское государство, существовавшее с середины XIII века по 1795 год на территории современных Белоруссии  Обширные земли Руси, попавшие под власть Великого княжества Литовского и составлявшие львиную долю его территории, именуются Литовской Русью",0.958939790725708,4,0.7784352637146229,0.9331699013710022,0.9201956391334534,0.8974062204360962,0.95893973
57,"Вели́кое кня́жество Моско́вское— средневековое русское княжество, существовавшее с 1263 по 1478 годы[1] Первоначально удел Великого княжества Владимирского, соперничавший с другими удельными княжествами за великокняжеский ярлык, выдаваемый ордынскими ханами Возвышению Москвы и укреплению её авторитета на Руси способствовал перенос кафедры киевского митрополита Петра из Владимира в Москву в 1325 году","Вели́кое кня́жество Моско́вское— средневековое русское княжество, существовавшее с 1263 по 1478 годы[1] Первоначально удел Великого княжества Владимирского, соперничавший с другими удельными княжествами за великокняжеский ярлык, выдаваемый ордынскими ханами",0.954934537410736,4,0.7870890368360278,0.9160819053649902,0.8712657690048218,0.9318979978561401,0.95493454
58,"Оле́г — князь Новгородский с 879 года и великий князь Киевский с 882 годаПолучив власть над новгородскими землями после смерти Рюрика, как регент его малолетнего сына Игоря, Олег захватил Киев и перенёс туда столицу, объединив тем самым два главных центра восточных славян ","Оле́г — князь Новгородский с 879 года и великий князь Киевский с 882 годаПолучив власть над новгородскими землями после смерти Рюрика, как регент его малолетнего сына Игоря, Олег захватил Киев и перенёс туда столицу, объединив тем самым два главных центра восточных славян",0.9999999403953552,4,1.0,0.9999999403953552,1.0,1.0,1.0
59,"Святосла́в Яросла́вич, в крещении Николай[1]  годом: «Родися третий сынъ Ярославу, и нарече имя ему Святославъ»[3] Второй раз в 1054 году, когда Ярослав поделил Русь между сыновьями","Святосла́в Яросла́вич, в крещении Николай[1]  годом: «Родися третий сынъ Ярославу, и нарече имя ему Святославъ»[3]",0.9696817994117736,4,0.759607879124908,0.9059408903121948,0.9136506915092468,0.911132276058197,0.9696818
60,"Святопо́лк В 1069 году отец посадил Святополка в Полоцке на место умершего Мстислава[2] В 1071 году Всеслав Брячиславич, прежний князь Полоцкий, вернул себе волость",Святопо́лк В 1069 году отец посадил Святополка в Полоцке на место умершего Мстислава[2],0.9515977501869202,4,0.7301248011198646,0.8540518879890442,0.8426703214645386,0.9141496419906616,0.95159775
61,"Влади́мир Все́володович Монома́х , государственный деятель, военачальник, писатель, мыслитель На сохранившихся печатях Владимир Мономах использовал также титул архонт всея земли Русской, на манер византийского титула[3][4]Владимир Мономах был сыном князя Всеволода Ярославича","Влади́мир Все́володович Монома́х , государственный деятель, военачальник, писатель, мыслитель На сохранившихся печатях Владимир Мономах использовал также титул архонт всея земли Русской, на манер византийского титула[3][4]",0.9733271598815918,4,0.9189300818540157,0.9525541663169861,0.947311520576477,0.9483158588409424,0.9733273
62,"Яропо́лк Влади́мирович — сын Владимира Мономаха, князь переяславский, великий князь киевский с 1132 При нём распалось единое Древнерусское государствоЯрополк родился, вероятнее всего, в Чернигове, где тогда княжил его отец Владимир Мономах","Яропо́лк Влади́мирович — сын Владимира Мономаха, князь переяславский, великий князь киевский с 1132 При нём распалось единое Древнерусское государство",0.947076976299286,4,0.7468616006390844,0.924510657787323,0.9020375609397888,0.8892014026641846,0.94707686
63,Все́волод О́льгович Всеволод был старшим сыном князя Олега Святославича[2] В 1111 году он вместе с другими князьями принимал участие в походе на половцев,Все́волод О́льгович Всеволод был старшим сыном князя Олега Святославича[2],0.9610811471939088,4,0.6784290561032643,0.8674396872520447,0.7740792632102966,0.8574360013008118,0.9610811
64,"Ростисла́в Мстисла́вич  сын Мстислава, внук Владимира Мономаха Мать— Христина Шведская, дочь шведского короля Инге СтаршегоРостислав был лучшим блюстителем народных вечевых прав","Ростисла́в Мстисла́вич  сын Мстислава, внук Владимира Мономаха Мать— Христина Шведская, дочь шведского короля Инге Старшего",0.962067484855652,4,0.8048193557932828,0.943079948425293,0.9200547933578491,0.9266372919082642,0.9620675
65,"Глеб Ю́рьевич — князь Переяславский и Киевский, сын Юрия Долгорукого от брака с дочерью половецкого хана Аепы, брат Андрея БоголюбскогоВпервые упоминается в летописи в 1146/47 году В этом году 24 февраля в Колтеске умер его брат, курский князь Иван","Глеб Ю́рьевич — князь Переяславский и Киевский, сын Юрия Долгорукого от брака с дочерью половецкого хана Аепы, брат Андрея БоголюбскогоВпервые упоминается в летописи в 1146/47 году",0.9731881618499756,4,0.849587741046249,0.9594982266426086,0.9159882664680481,0.9668209552764893,0.97318816
66,"Роман Ростиславич В 1151 году помогал Изяславу Мстиславичу отстаивать Киев от Юрия Долгорукого, много содействовал поражению последнего при реке Руте и защищал от него Чернигов В следующем году помогал Изяславу против Святослава Ольговича","Роман Ростиславич В 1151 году помогал Изяславу Мстиславичу отстаивать Киев от Юрия Долгорукого, много содействовал поражению последнего при реке Руте и защищал от него Чернигов",0.9711325764656068,4,0.9001805992677682,0.962888240814209,0.9548565149307251,0.9430747032165527,0.9711325
67,"Рюрик Ростиславич[6][7][8]После смерти отца в 1167 году Рюрик остался княжить в Овруче, вытребовав владения у нового киевского князя и своего двоюродного брата Мстислава Изяславича Конфликтом за киевские волости воспользовался Андрей Боголюбский, и в 1169 году взял Киев для своего брата Глеба Юрьевича","Рюрик Ростиславич[6][7][8]После смерти отца в 1167 году Рюрик остался княжить в Овруче, вытребовав владения у нового киевского князя и своего двоюродного брата Мстислава Изяславича",0.9557345509529114,4,0.794358723122023,0.9461869597434998,0.8608821034431458,0.9411266446113586,0.9557345
68,"Ростисла́в Рю́рикович , произошедшем во время пребывания «на Лучине» на пути из Новгорода в Смоленск, сообщается в Ипатьевской летописи, в сюжете под 1173 годом[3] В 1172 году «дасть ему отець его Лучин город в нем же родися»","Ростисла́в Рю́рикович , произошедшем во время пребывания «на Лучине» на пути из Новгорода в Смоленск, сообщается в Ипатьевской летописи, в сюжете под 1173 годом[3] В 1172 году «",0.9747009873390198,4,0.8343749824026874,0.9488158226013184,0.9006853699684143,0.9536973237991333,0.9747009
69,Яросла́в  родился 8 февраля 1191г в Переяславле Залесском 27 апреля 1194г,Яросла́в  родился 8 февраля 1191г в Переяславле Залесском,0.9574118852615356,4,0.7636426500516,0.9360688924789429,0.8935644030570984,0.8803814053535461,0.9574118
70,"Ростислав Мстиславич— Занял смоленский престол по смерти Мстислава Давыдовича в 1230 году В 1232 году был изгнан Святославом Мстиславичем, пришедшим с полоцкими войсками",Ростислав Мстиславич— Занял смоленский престол по смерти Мстислава Давыдовича в 1230 году,0.9595838785171508,4,0.7247689732241754,0.9169037342071533,0.8827176094055176,0.9484294056892395,0.9595839
71,"Дании́л Рома́нович  и Ефросиньи-АнныПосле гибели отца в 1205 году стал галицким князем, но вскоре лишился престола С 1215 года княжил на Волыни и к 1231 году завершил объединение волынских земель","Дании́л Рома́нович  и Ефросиньи-АнныПосле гибели отца в 1205 году стал галицким князем, но вскоре лишился престола",0.9661626815795898,4,0.8017537811690372,0.9242548942565918,0.8456684947013855,0.8912554979324341,0.9661627
72,"Алекса́ндр Яросла́вич Не́вский[комм 1]  Мстиславны, торопецкой княжны, дочери князя новгородского и галицкого Мстислава Удатного[2] По мнению историка Ю","Алекса́ндр Яросла́вич Не́вский[комм 1]  Мстиславны, торопецкой княжны, дочери князя новгородского и галицкого Мстислава Удатного[2]",0.9735932350158693,4,0.9168648420322165,0.9630066156387329,0.9637417793273926,0.9537145495414734,0.9735933
73,"Ю́рий Третий сын Великого князя Владимирского Всеволода Юрьевича Большое Гнездо от первого брака, с Марией Шварновной Канонизирован Русской православной церковью в лике благоверных князей","Ю́рий Третий сын Великого князя Владимирского Всеволода Юрьевича Большое Гнездо от первого брака, с Марией Шварновной",0.9653033614158629,4,0.7855944674186749,0.9274408221244812,0.8510071039199829,0.8436041474342346,0.9653033
74,"Константи́н Все́володович  До 1205 года он находился при отце, присутствуя, как представитель последнего, при освящении церквей во Владимире и участвуя в 1198 году в походе к Дону на половцев В конце 1190-х годов недолго княжил в Переяславле-Южном","Константи́н Все́володович  До 1205 года он находился при отце, присутствуя, как представитель последнего, при освящении церквей во Владимире и участвуя в 1198 году в походе к Дону на половцев",0.9719292521476746,4,0.8608202544420431,0.9577851295471191,0.9417327642440796,0.9458230137825012,0.9719292
75,"Святосла́в Все́володович  февраля и в Соборе Владимирских святыхВ январе 1200 года он был назначен на княжение в Новгороде, а затем был сменён старшим братом, Константином в 1205 г и снова вернулся в Новгород 9 февраля 1208 года[2] Однако, уже следующей зимой Святослав был захвачен пригласившими на княжение Мстислава Удатного новгородцами и освобождён после похода владимирских войск во главе со старшими Всеволодовичами на Торжок","Святосла́в Все́володович  февраля и в Соборе Владимирских святыхВ январе 1200 года он был назначен на княжение в Новгороде, а затем был сменён старшим братом, Константином в 1205 г и снова вернулся в Новгород 9 февраля 1208 года[2]",0.9573054313659668,4,0.7614266916889552,0.9263478517532349,0.9007814526557922,0.9542661905288696,0.95730543
76,"Васи́лий Яросла́вич  Младший сын Ярослава Всеволодовича, великого князя киевского и владимирскогоРодился в городе Владимире","Васи́лий Яросла́вич  Младший сын Ярослава Всеволодовича, великого князя киевского и владимирского",0.9794617295265198,4,0.8143864644084612,0.9478667378425598,0.9436041712760925,0.9234705567359924,0.9794618
77,"Андре́й Алекса́ндрович, Андре́й Городе́цкий Из рода Рюриковичей, третий сын Александра Невского По завещанию отца получил в удел выделенное из состава Суздальского Городецкое княжество, которое оставалось в его владении до самой смерти","Андре́й Алекса́ндрович, Андре́й Городе́цкий Из рода Рюриковичей, третий сын Александра Невского",0.95513516664505,4,0.6901833047057195,0.8404179215431213,0.7921796441078186,0.7798603177070618,0.9551351
78,"Это статья о тверском и великом владимирском князе О московском князе, около года занимавшем владимирский престол, см Михаил Ярославич ХоробритМихаи́л Яросла́вич ","Это статья о тверском и великом владимирском князе О московском князе, около года занимавшем владимирский престол, см",0.9666951894760132,4,0.8964981449573455,0.8978875279426575,0.8856475949287415,0.9411615133285522,0.9666951
79,"Ю́рий — московский князь в 1303—1325, великий князь Владимирский в 1318—1322, князь Новгородский в 1322—1325Старший сын московского князя Даниила Александровича, внук Александра Невского Княжил в Переславле-Залесском, а с 1303года— в Москве","Ю́рий — московский князь в 1303—1325, великий князь Владимирский в 1318—1322, князь Новгородский в 1322—1325Старший сын московского князя Даниила Александровича, внук Александра Невского",0.9713828563690186,4,0.9005356870388207,0.9774251580238342,0.9756772518157959,0.9926802515983582,0.97138286
80,"Алекса́ндр Миха́йлович  Убит в Орде вместе с сыном ФёдоромВ 1318 году Великий князь Тверской Михаил Ярославич, отправляясь в Орду, разделил свою вотчину между Александром и его старшим братом, Дмитрием Грозные Очи",Алекса́ндр Миха́йлович  Убит в Орде вместе с сыном Фёдором,0.9010351896286012,4,0.524282997016898,0.8133161664009094,0.6646938323974609,0.7207006216049194,0.9010352
81,"Семён Ива́нович  И все князья Владимирской Руси, не желая наследника Калиты— Симеона Ивановича,— предлагали хану выдать ярлык на великое княжение Владимирское Константину Васильевичу Суздальскому, старшему из них по лествичному правуПока Симеон находился в Орде, в Москве вспыхнула первая крупная рознь между боярами, вызванная смертью московского тысяцкого Протасия Фёдоровича, который был тысяцким при Данииле Александровиче и Юрии и Иване Данииловичах","Семён Ива́нович  И все князья Владимирской Руси, не желая наследника Калиты— Симеона Ивановича,— предлагали хану выдать ярлык на великое княжение Владимирское Константину Васильевичу Суздальскому, старшему из них по лествичному праву",0.9253256320953368,4,0.7048622197859726,0.9054347276687622,0.8355092406272888,0.9055328369140625,0.92532575
82,"Дми́трий Ива́нович  Сын князя Ивана II Красного и его второй жены, княгини Александры ИвановныВ правление Дмитрия Московское княжество стало одним из главных центров объединения русских земель, а Владимирское великое княжество стало наследственной собственностью московских князей, хотя при этом из-под его влияния вышли Тверское и Смоленское княжества","Дми́трий Ива́нович  Сын князя Ивана II Красного и его второй жены, княгини Александры Ивановны",0.91732656955719,4,0.48849389677599797,0.8249036073684692,0.5829343795776367,0.759854257106781,0.91732657
83,"Васи́лий I Дми́триевич — великий князь московский и владимирский с 1389 года, старший сын Дмитрия Ивановича Донского и великой княгини Евдокии, дочери великого князя нижегородско-суздальского Дмитрия Константиновича Был женат на Софье— единственной дочери великого князя литовского ВитовтаРодился за день до празднования памяти святого Василия Кесарийского, и получил имя в его честь, в дальнейшем изображал его на своих печатях[1]","Васи́лий I Дми́триевич — великий князь московский и владимирский с 1389 года, старший сын Дмитрия Ивановича Донского и великой княгини Евдокии, дочери великого князя нижегородско-суздальского Дмитрия Константиновича Был женат на Софье— единственной дочери великого князя литовского Витовта",0.9523110389709472,4,0.7899842091921135,0.9477502703666687,0.8896992206573486,0.9457433223724365,0.95231116
84,"Ю́рий Дми́триевич  Юрий был очень популярен как удачливый полководец и опытный дипломат, а также покровитель искусств и литературы Был женат на Анастасии, дочери великого князя смоленского Юрия Святославича","Ю́рий Дми́триевич  Юрий был очень популярен как удачливый полководец и опытный дипломат, а также покровитель искусств и литературы",0.9575620889663696,4,0.8572336350132665,0.8766611814498901,0.8323153257369995,0.8586586713790894,0.957562
85,"СостояниеотпатрулированаДми́трий Ю́рьевич Шемя́ка — Великий князь Московский, а также князь Углицкий, князь Галицкий; сын Великого князя Московского Юрия Дмитриевича и княгини Анастасии Юрьевны, дочери последнего великого князя Смоленского Юрия Святославича, один из главных участников Междоусобной войны второй четверти XV века[2]:32[2]:95[3]:194, 195, 212 В летописях Дмитрий Юрьевич упоминается с 1433 года[4]:106 Точная дата рождения неизвестна[4]:106, в литературе встречаются указания на разные годы","СостояниеотпатрулированаДми́трий Ю́рьевич Шемя́ка — Великий князь Московский, а также князь Углицкий, князь Галицкий; сын Великого князя Московского Юрия Дмитриевича и княгини Анастасии Юрьевны, дочери последнего великого князя Смоленского Юрия Святославича, один из главных участников Междоусобной войны второй четверти XV века[2]:32[2]:95[3]:194, 195, 212 В летописях Дмитрий Юрьевич упоминается с 1433 года[4]:106",0.8950245380401611,4,0.902222688746655,0.9796733260154724,0.975715696811676,0.9894730448722839,0.89502466
86,"Ива́н Ива́нович Молодо́й — удельный князь Тверской, сын и наследник великого князя Московского Ивана III Васильевича и его первой жены Марии Борисовны, дочери великого князя тверского Бориса Александровича и сестры правящего в Твери Михаила Борисовича Как племянник Михаила Борисовича, у которого не было сыновей, претендовал на наследование Великого княжества ТверскогоРодился 15 февраля 1458 года","Ива́н Ива́нович Молодо́й — удельный князь Тверской, сын и наследник великого князя Московского Ивана III Васильевича и его первой жены Марии Борисовны, дочери великого князя тверского Бориса Александровича и сестры правящего в Твери Михаила Борисовича Как племянник Михаила Борисовича, у которого не было сыновей, претендовал на наследование Великого княжества Тверского",0.981792449951172,4,0.9428328824546229,0.9828349351882935,0.9631797671318054,0.9572352766990662,0.98179257
87,"Васи́лий III Иванович, по прямому имени Гавриил, в постриге Варлаам — великий князь владимирский и московский в 1505—1533, государь всея Руси Сын Ивана III Великого и Софии Палеолог, отец Ивана IV Грозного В период его правления продолжился процесс собирания русских земель, в централизованное Русское государство вошли Псков, Смоленск и Рязань","Васи́лий III Иванович, по прямому имени Гавриил, в постриге Варлаам — великий князь владимирский и московский в 1505—1533, государь всея Руси Сын Ивана III Великого и Софии Палеолог, отец Ивана IV Грозного",0.9451431035995485,4,0.8008015357101637,0.9515467286109924,0.8997465372085571,0.945241391658783,0.94514304
88,"Фёдор I Ива́нович, известен также по имени Феодор Блаженный, Когда родился Фёдор, Иван Грозный повелел построить церковь в Феодоровском монастыре города Переславль-Залесский Этот храм в честь Феодора Стратилата стал главным собором монастыря и сохранился до настоящего времени","Фёдор I Ива́нович, известен также по имени Феодор Блаженный, Когда родился Фёдор, Иван Грозный повелел построить церковь в Феодоровском монастыре города Переславль-Залесский",0.9568347930908204,4,0.7919337675897823,0.945727527141571,0.9151498079299927,0.9140288233757019,0.9568347
89,"Ирина Фёдоровна, урождённая   Годунова, в иночестве Александра — сестра Бориса Годунова и супруга царя Фёдора І Иоанновича, номинальная правительница на русском престоле после смерти Фёдора І Иоанновича и до избрания царём Бориса Годунова с 16 января по 21 февраля 1598 годаО дате и месте её рождения сведений нет Она была взята в царские палаты в возрасте семи лет и воспитывалась там до брака[1]","Ирина Фёдоровна, урождённая   Годунова, в иночестве Александра — сестра Бориса Годунова и супруга царя Фёдора І Иоанновича, номинальная правительница на русском престоле после смерти Фёдора І Иоанновича и до избрания царём Бориса Годунова с 16 января по 21 февраля 1598 годаО дате и месте её рождения сведений нет",0.9471135139465332,4,0.9013351320856343,0.9760140180587769,0.947516918182373,0.9750977754592896,0.94711334
90,"Бори́с Фёдорович Годуно́в  По Государеву родословцу, составленному около 1555 года, у Дмитрия Зерно «было три сына: Иван, да Констянтин Шея, бездетен, да Дмитрей А у Ивана Дмитреевича дети: Фёдор Сабур, Данило Подольской, бездетен, да Иван Годун»[2]","Бори́с Фёдорович Годуно́в  По Государеву родословцу, составленному около 1555 года, у Дмитрия Зерно «было три сына: Иван, да Констянтин Шея, бездетен, да Дмитрей",0.93230140209198,4,0.8712126222746064,0.9246047735214233,0.9009777307510376,0.9164275527000427,0.9323014
91,Фёдор II Борисович  СФ,Фёдор II Борисович  С,0.9272208213806152,4,0.8259360470306736,0.9471736550331116,0.974067211151123,0.7535091638565063,0.92722076
92,Васи́лий Иванович Шу́йский  После низложения жил в плену у поляковПоследний представитель рода Рюриковичей на российском престоле[3],Васи́лий Иванович Шу́йский  После низложения жил в плену у поляков,0.9515998363494872,4,0.7313718622626227,0.8554553389549255,0.7221484780311584,0.6699035167694092,0.9515998
93,"Князь Дмитрий Тимофеевич Трубецкой , шенкурский державецВместе с Дмитрием Пожарским и Кузьмой Мининым руководил освобождением от поляков столицы, причём на время после изгнания поляков и до избрания Михаила Фёдоровича был избран правителем государства За свою деятельность получил титул «Спасителя отечества» и был одним из претендентов на царский престол на земском соборе 1613 года","Князь Дмитрий Тимофеевич Трубецкой , шенкурский державецВместе с Дмитрием Пожарским и Кузьмой Мининым руководил освобождением от поляков столицы, причём на время после изгнания поляков и до избрания Михаила Фёдоровича был избран правителем государства",0.9683836102485656,4,0.8175148541992552,0.9397389888763428,0.8508796691894531,0.8291406035423279,0.9683837
94,"Михаи́л Фёдорович 1613годаРод Романовых принадлежит к числу древних семей московского боярства Первый известный по летописям представитель этого рода и нескольких других родов— Андрей Иванович, имевший прозвище Кобыла, в 1347 году находился на службе у Великого Владимирского и Московского князя Симеона Ивановича Гордого[2]",Михаи́л Фёдорович 1613годаРод Романовых принадлежит к числу древних семей московского боярства,0.9411737322807312,4,0.5763584816785576,0.8127265572547913,0.6291022300720215,0.6913503408432007,0.94117373
95,"Патриа́рх Филаре́т  Разрядные книги свидетельствуют, что в феврале 1585 года будущий патриарх был участником приёма во дворце литовского посла Льва Сапеги[7][8][4], а в следующем году имел чин боярина и исполнял обязанности нижегородского наместника[8][4] В 1593—1594 годах Фёдор Никитич упоминается уже как псковский наместник[8]","Патриа́рх Филаре́т  Разрядные книги свидетельствуют, что в феврале 1585 года будущий патриарх был участником приёма во дворце литовского посла Льва Сапеги[7][8][4], а в следующем году имел чин боярина и исполнял обязанности нижегородского наместника[8][4]",0.9755014181137084,4,0.8764038363241629,0.9415133595466614,0.9314596652984619,0.9657140374183655,0.9755014
96,"Фёдор III Алексе́евич Фёдор Алексеевич, третий сын царя Алексея Михайловича и царицы Марии Милославской был крещён во имя святого Феодора Стратилата В марте 1669 года умерла его мать","Фёдор III Алексе́евич Фёдор Алексеевич, третий сын царя Алексея Михайловича и царицы Марии Милославской был крещён во имя святого Феодора Стратилата",0.9752640724182128,4,0.8863098756926813,0.9557039737701416,0.8956733345985413,0.9150658845901489,0.975264
97,Иоа́нн — русский царь в 1682—1696 годах из династии Романовых Сын царя Алексея Михайловича Тишайшего и царицы Марии Ильиничны Милославской Старший единокровный брат и соправитель Петра I,Иоа́нн — русский царь в 1682—1696 годах из династии Романовых Сын царя Алексея Михайловича Тишайшего и царицы Марии Ильиничны Милославской,0.9819285869598388,4,0.8911136725901697,0.9637001156806946,0.9227079153060913,0.940104067325592,0.9819286
98,"А́нна Иоа́нновна 1710 года была выдана замуж за герцога Курляндского Фридриха Вильгельма Овдовевшая через 2,5 месяца после свадьбы, Анна была отправлена Петром I в Курляндию После смерти Петра II была приглашена в 1730 году на российский престол Верховным тайным советом как монарх с полномочиями, ограниченными в пользу аристократов— «верховников», но при поддержке дворян восстановила абсолютизм, распустив Верховный тайный совет","А́нна Иоа́нновна 1710 года была выдана замуж за герцога Курляндского Фридриха Вильгельма Овдовевшая через 2,5 месяца после свадьбы, Анна была отправлена Петром I в Курляндию",0.921886384487152,4,0.7064196867335261,0.8647524118423462,0.7726663947105408,0.8684786558151245,0.9218864
99,Ива́н VI — российский император из Брауншвейгской ветви династии Романовых Царствовал с октября 1740 по ноябрь 1741 года Правнук Ивана V,Ива́н VI — российский император из Брауншвейгской ветви династии Романовых Царствовал с октября 1740 по ноябрь 1741 года,0.9760849475860596,4,0.9424420478394339,0.9698936939239502,0.956836462020874,0.9645493626594543,0.97608495
100,"СостояниеотпатрулированаЕлизаве́та Петро́вна , младшая дочь Петра I и Екатерины I, рождённая за два года до их вступления в брак Она руководила страной во время двух главных европейских конфликтов своего времени: Войны за австрийское наследство и Семилетней войны За время её правления обследованы и заселены земли Сибири","СостояниеотпатрулированаЕлизаве́та Петро́вна , младшая дочь Петра I и Екатерины I, рождённая за два года до их вступления в брак Она руководила страной во время двух главных европейских конфликтов своего времени: Войны за австрийское наследство и Семилетней войны",0.9796849489212036,4,0.9189530170435379,0.9674712419509888,0.9448546171188354,0.9620664715766907,0.979685
101,"СостояниеотпатрулированаПётр III Фёдорович — император всероссийский в 1762, первый представитель Гольштейн-Готторп-Романовской династии на российском престоле C 1745 года— владетельный герцог Гольштейн-Готторпский Внук Петра I— сын его дочери Анны и Карла Фридриха Гольштейн-Готторпского","СостояниеотпатрулированаПётр III Фёдорович — император всероссийский в 1762, первый представитель Гольштейн-Готторп-Романовской династии на российском престоле C 1745 года— владетельный герцог Гольштейн-Готторпский",0.9738973379135132,4,0.8798906526842315,0.9496731162071228,0.9072146415710449,0.916976273059845,0.9738973
102,"Гео́ргий Евге́ньевич Львов  Старший брат Алексей с 1896 года возглавлял Московское училище живописи Другой брат, Владимир, руководил с 1901 года Московским главным архивом МИДа",Гео́ргий Евге́ньевич Львов  Старший брат Алексей с 1896 года возглавлял Московское училище живописи,0.9601020216941832,4,0.7976685038873718,0.9287245273590088,0.8128085136413574,0.9141049385070801,0.960102
103,"Алекса́ндр Фёдорович Ке́ренский[1][2][3]  1917 года, свергнувшей Временное правительство, и безуспешной попытки вернуть власть сложил с себя все полномочия С июня 1918 года — в эмиграцииС отцовской стороны предки Александра Керенского происходят из среды провинциального духовенства","Алекса́ндр Фёдорович Ке́ренский[1][2][3]  1917 года, свергнувшей Временное правительство, и безуспешной попытки вернуть власть сложил с себя все полномочия С июня 1918 года — в эмиграции",0.9394524097442628,4,0.7985674219581227,0.9268418550491333,0.9091176986694336,0.9644829034805298,0.9394524
104,"Лев Бори́сович Ка́менев ; с 1922 года— заместитель председателя СНК и СТО, а после смерти Ленина— председатель СТО до января 1926 года Член ЦК в 1917—1927 годах, член Политбюро ЦК в 1919—1926 годах, а затем кандидат в члены Политбюро Член ЦИК и председатель ВЦИК СССР","Лев Бори́сович Ка́менев ; с 1922 года— заместитель председателя СНК и СТО, а после смерти Ленина— председатель СТО до января 1926 года Член ЦК в 1917—1927 годах, член Политбюро ЦК в 1919—1926 годах, а затем кандидат в члены Политбюро",0.980067253112793,4,0.9550842550396791,0.9871661067008972,0.9759740233421326,0.9819711446762085,0.9800672
105,"Я́ков Миха́йлович[прим 1] Свердло́в[6]; партийные псевдонимы: Андрей[7], Андрей Уральский[8], товарищ Андрей[3], Макс[3], Махровый[9], Михаил Пермяков[3], Михалыч[10], Смирнов[3] и др[прим","Я́ков Миха́йлович[прим 1] Свердло́в[6]; партийные псевдонимы: Андрей[7], Андрей Уральский[8], товарищ Андрей[3], Макс[3], Махровый[9], Михаил Пермяков[3], Михалыч[10], Смирнов[3] и др",0.9817711114883424,4,0.9807517487258722,0.9966945052146912,0.9991783499717712,0.9975640773773193,0.98177123
106,"СостояниеотпатрулированаИо́сиф Виссарио́нович Ста́лин — российский революционер, советский политический, государственный, военный и партийный деятель С 21 января 1924 по 5 марта 1953— руководитель СССР[2][3] Маршал Советского Союза[4], Генералиссимус Советского Союза[5]","СостояниеотпатрулированаИо́сиф Виссарио́нович Ста́лин — российский революционер, советский политический, государственный, военный и партийный деятель С 21 января 1924 по 5 марта 1953— руководитель СССР[2][3]",0.9655113220214844,4,0.8100260140938706,0.9698734879493713,0.9153397679328918,0.9854432940483093,0.9655112
107,"«Больша́я росси́йская энциклопе́дия»[1] — российская универсальная энциклопедия на русском языке[2] Издание состоит из 35 нумерованных томов и тома «Россия», и содержит более 80 тысяч статей[3] Энциклопедия издавалась с 2004 по 2017 годы научным издательством «Большая российская энциклопедия»","«Больша́я росси́йская энциклопе́дия»[1] — российская универсальная энциклопедия на русском языке[2] Издание состоит из 35 нумерованных томов и тома «Россия», и содержит более 80 тысяч статей[3]",0.943780243396759,4,0.8448726102823773,0.9312723278999329,0.9075050354003906,0.9256083965301514,0.94378024
108,"Вели́кое кня́жество Влади́мирское, до 1157года — Су́здальское княжество— русское княжество XII—XIVвеков, ставшее ядром современного Российского государстваВ узком смысле— территория, которой лично владел великий князь владимирский, в широком смысле— территория всех княжеств, выделившихся из Владимирского и зависимых от владимирского князя С середины XIII века сюзеренитет великих князей владимирских  признавали также Новгородская[2][3] и, с небольшими перерывами, Псковская республики[4]"," С середины XIII века сюзеренитет великих князей владимирских  признавали также Новгородская[2][3] и, с небольшими перерывами, Псковская республики[4]",0.9466265439987184,3,0.4805973529653682,0.8169209957122803,0.7149902582168579,0.8743571639060974,0.9466265
109,"Новгоро́дская респу́блика — севернорусское средневековое государство, существовавшее с 1136 года по 1478 год В период наибольшего расцвета, кроме Новгородской земли в узком смысле, включала также территории от Балтийского моря на западе до Уральских гор на востоке и от Белого моря на севере до верховьев Волги и Западной Двины на юге Находясь с 1245 года под сюзеренитетом великих князей владимирских[1][2], титул которых с XIV века стали наследовать исключительно московские князья, Новгородская республика в 1478 году была завоёвана Иваном III и полностью вошла в состав централизованного Русского государства"," Находясь с 1245 года под сюзеренитетом великих князей владимирских[1][2], титул которых с XIV века стали наследовать исключительно московские князья, Новгородская республика в 1478 году была завоёвана Иваном III и полностью вошла в состав централизованного Русского государства",0.9311528205871582,3,0.6335543102768714,0.8670364022254944,0.8148304224014282,0.9424107074737549,0.93115276
110,"Вели́кое кня́жество Лито́вское— восточноевропейское государство, существовавшее с середины XIII века по 1795 год на территории современных Белоруссии  Обширные земли Руси, попавшие под власть Великого княжества Литовского и составлявшие львиную долю его территории, именуются Литовской РусьюС 1385 года находилось в личной унии с Королевством Польским, а с 1569 года— в сеймовой Люблинской унии в составе федеративной Речи Посполитой","С 1385 года находилось в личной унии с Королевством Польским, а с 1569 года— в сеймовой Люблинской унии в составе федеративной Речи Посполитой",0.9183179140090942,3,0.6097097185942254,0.8399155735969543,0.6551281809806824,0.8791784048080444,0.91831785
111,"Вели́кое кня́жество Моско́вское— средневековое русское княжество, существовавшее с 1263 по 1478 годы[1] Первоначально удел Великого княжества Владимирского, соперничавший с другими удельными княжествами за великокняжеский ярлык, выдаваемый ордынскими ханами Возвышению Москвы и укреплению её авторитета на Руси способствовал перенос кафедры киевского митрополита Петра из Владимира в Москву в 1325 году", Возвышению Москвы и укреплению её авторитета на Руси способствовал перенос кафедры киевского митрополита Петра из Владимира в Москву в 1325 году,0.9091284275054932,3,0.6168394021887174,0.8382179737091064,0.7555163502693176,0.8269438147544861,0.9091284
112,"Оле́г — князь Новгородский с 879 года и великий князь Киевский с 882 годаПолучив власть над новгородскими землями после смерти Рюрика, как регент его малолетнего сына Игоря, Олег захватил Киев и перенёс туда столицу, объединив тем самым два главных центра восточных славян ", ,0.0,3,0.0,-0.04249593988060951,0.03742629289627075,,0.0
113,"Святосла́в Яросла́вич, в крещении Николай[1]  годом: «Родися третий сынъ Ярославу, и нарече имя ему Святославъ»[3] Второй раз в 1054 году, когда Ярослав поделил Русь между сыновьями"," Второй раз в 1054 году, когда Ярослав поделил Русь между сыновьями",0.9483648538589478,3,0.6503813265856879,0.7759869694709778,0.6884694695472717,0.7988904714584351,0.9483649
114,"Святопо́лк В 1069 году отец посадил Святополка в Полоцке на место умершего Мстислава[2] В 1071 году Всеслав Брячиславич, прежний князь Полоцкий, вернул себе волость"," В 1071 году Всеслав Брячиславич, прежний князь Полоцкий, вернул себе волость",0.9367797374725342,3,0.7011223617604008,0.8493759632110596,0.7830144762992859,0.872157871723175,0.93677956
115,"Влади́мир Все́володович Монома́х , государственный деятель, военачальник, писатель, мыслитель На сохранившихся печатях Владимир Мономах использовал также титул архонт всея земли Русской, на манер византийского титула[3][4]Владимир Мономах был сыном князя Всеволода Ярославича",Владимир Мономах был сыном князя Всеволода Ярославича,0.9025723934173584,3,0.5283967035953283,0.7825145125389099,0.6175664067268372,0.7319203019142151,0.90257245
116,"Яропо́лк Влади́мирович — сын Владимира Мономаха, князь переяславский, великий князь киевский с 1132 При нём распалось единое Древнерусское государствоЯрополк родился, вероятнее всего, в Чернигове, где тогда княжил его отец Владимир Мономах","Ярополк родился, вероятнее всего, в Чернигове, где тогда княжил его отец Владимир Мономах",0.924312710762024,3,0.6097305113765782,0.8254628777503967,0.6975600719451904,0.7294747233390808,0.92431265
117,Все́волод О́льгович Всеволод был старшим сыном князя Олега Святославича[2] В 1111 году он вместе с другими князьями принимал участие в походе на половцев, В 1111 году он вместе с другими князьями принимал участие в походе на половцев,0.9600048065185548,3,0.7346659212423248,0.7642889618873596,0.764927864074707,0.7907060980796814,0.9600048
118,"Ростисла́в Мстисла́вич  сын Мстислава, внук Владимира Мономаха Мать— Христина Шведская, дочь шведского короля Инге СтаршегоРостислав был лучшим блюстителем народных вечевых прав",Ростислав был лучшим блюстителем народных вечевых прав,0.9253881573677064,3,0.49927216687170095,0.6955209374427795,0.5455909371376038,0.6335248947143555,0.92538816
119,"Глеб Ю́рьевич — князь Переяславский и Киевский, сын Юрия Долгорукого от брака с дочерью половецкого хана Аепы, брат Андрея БоголюбскогоВпервые упоминается в летописи в 1146/47 году В этом году 24 февраля в Колтеске умер его брат, курский князь Иван"," В этом году 24 февраля в Колтеске умер его брат, курский князь Иван",0.9366945028305054,3,0.6132364700003843,0.7714593410491943,0.6075637936592102,0.8098292946815491,0.93669456
120,"Роман Ростиславич В 1151 году помогал Изяславу Мстиславичу отстаивать Киев от Юрия Долгорукого, много содействовал поражению последнего при реке Руте и защищал от него Чернигов В следующем году помогал Изяславу против Святослава Ольговича", В следующем году помогал Изяславу против Святослава Ольговича,0.8975269198417664,3,0.6094269985355203,0.7499960660934448,0.6707080006599426,0.6797662377357483,0.897527
121,"Рюрик Ростиславич[6][7][8]После смерти отца в 1167 году Рюрик остался княжить в Овруче, вытребовав владения у нового киевского князя и своего двоюродного брата Мстислава Изяславича Конфликтом за киевские волости воспользовался Андрей Боголюбский, и в 1169 году взял Киев для своего брата Глеба Юрьевича"," Конфликтом за киевские волости воспользовался Андрей Боголюбский, и в 1169 году взял Киев для своего брата Глеба Юрьевича",0.9299882650375366,3,0.7027189650522385,0.8296126127243042,0.6711605787277222,0.8555729389190674,0.9299882
122,"Ростисла́в Рю́рикович , произошедшем во время пребывания «на Лучине» на пути из Новгорода в Смоленск, сообщается в Ипатьевской летописи, в сюжете под 1173 годом[3] В 1172 году «дасть ему отець его Лучин город в нем же родися»",дасть ему отець его Лучин город в нем же родися»,0.8805865645408629,3,0.5511972321597007,0.6785188913345337,0.4511739909648895,0.3949451446533203,0.8805867
123,Яросла́в  родился 8 февраля 1191г в Переяславле Залесском 27 апреля 1194г, 27 апреля 1194г,0.8609453439712524,3,0.6456391430374785,0.7136275172233582,0.49128541350364685,0.8555354475975037,0.86094534
124,"Ростислав Мстиславич— Занял смоленский престол по смерти Мстислава Давыдовича в 1230 году В 1232 году был изгнан Святославом Мстиславичем, пришедшим с полоцкими войсками"," В 1232 году был изгнан Святославом Мстиславичем, пришедшим с полоцкими войсками",0.9439682960510254,3,0.709335336825568,0.8669285178184509,0.8293828964233398,0.8842955231666565,0.94396836
125,"Дании́л Рома́нович  и Ефросиньи-АнныПосле гибели отца в 1205 году стал галицким князем, но вскоре лишился престола С 1215 года княжил на Волыни и к 1231 году завершил объединение волынских земель", С 1215 года княжил на Волыни и к 1231 году завершил объединение волынских земель,0.9467509984970092,3,0.6146472051428533,0.8182826042175293,0.679424524307251,0.9397569298744202,0.946751
126,"Алекса́ндр Яросла́вич Не́вский[комм 1]  Мстиславны, торопецкой княжны, дочери князя новгородского и галицкого Мстислава Удатного[2] По мнению историка Ю", По мнению историка Ю,0.8875150084495544,3,0.3991977723450353,0.5625584125518799,0.28500425815582275,0.3949022889137268,0.8875152
127,"Ю́рий Третий сын Великого князя Владимирского Всеволода Юрьевича Большое Гнездо от первого брака, с Марией Шварновной Канонизирован Русской православной церковью в лике благоверных князей", Канонизирован Русской православной церковью в лике благоверных князей,0.9374085664749146,3,0.6187417334891582,0.7708512544631958,0.6333840489387512,0.7166580557823181,0.93740857
128,"Константи́н Все́володович  До 1205 года он находился при отце, присутствуя, как представитель последнего, при освящении церквей во Владимире и участвуя в 1198 году в походе к Дону на половцев В конце 1190-х годов недолго княжил в Переяславле-Южном", В конце 1190-х годов недолго княжил в Переяславле-Южном,0.9320822954177856,3,0.5089091171735242,0.7169921398162842,0.5917615294456482,0.6993236541748047,0.93208236
129,"Святосла́в Все́володович  февраля и в Соборе Владимирских святыхВ январе 1200 года он был назначен на княжение в Новгороде, а затем был сменён старшим братом, Константином в 1205 г и снова вернулся в Новгород 9 февраля 1208 года[2] Однако, уже следующей зимой Святослав был захвачен пригласившими на княжение Мстислава Удатного новгородцами и освобождён после похода владимирских войск во главе со старшими Всеволодовичами на Торжок"," Однако, уже следующей зимой Святослав был захвачен пригласившими на княжение Мстислава Удатного новгородцами и освобождён после похода владимирских войск во главе со старшими Всеволодовичами на Торжок",0.9175770878791808,3,0.7278444810874793,0.8221245408058167,0.6470798850059509,0.6254511475563049,0.9175771
130,"Васи́лий Яросла́вич  Младший сын Ярослава Всеволодовича, великого князя киевского и владимирскогоРодился в городе Владимире",Родился в городе Владимире,0.8263891339302063,3,0.3466027580015768,0.6762630939483643,0.5010617971420288,0.5165649652481079,0.8263894
131,"Андре́й Алекса́ндрович, Андре́й Городе́цкий Из рода Рюриковичей, третий сын Александра Невского По завещанию отца получил в удел выделенное из состава Суздальского Городецкое княжество, которое оставалось в его владении до самой смерти"," По завещанию отца получил в удел выделенное из состава Суздальского Городецкое княжество, которое оставалось в его владении до самой смерти",0.9534764885902404,3,0.7394270671153149,0.7900676131248474,0.5475614070892334,0.8286527395248413,0.9534765
132,"Это статья о тверском и великом владимирском князе О московском князе, около года занимавшем владимирский престол, см Михаил Ярославич ХоробритМихаи́л Яросла́вич ", Михаил Ярославич ХоробритМихаи́л Яросла́вич ,0.9156068563461304,3,0.4430474873961462,0.7368814945220947,0.5691791772842407,0.41898423433303833,0.91560686
133,"Ю́рий — московский князь в 1303—1325, великий князь Владимирский в 1318—1322, князь Новгородский в 1322—1325Старший сын московского князя Даниила Александровича, внук Александра Невского Княжил в Переславле-Залесском, а с 1303года— в Москве"," Княжил в Переславле-Залесском, а с 1303года— в Москве",0.9181951284408568,3,0.4347821021724785,0.7717005014419556,0.51117342710495,0.2573530673980713,0.9181951
134,"Алекса́ндр Миха́йлович  Убит в Орде вместе с сыном ФёдоромВ 1318 году Великий князь Тверской Михаил Ярославич, отправляясь в Орду, разделил свою вотчину между Александром и его старшим братом, Дмитрием Грозные Очи","В 1318 году Великий князь Тверской Михаил Ярославич, отправляясь в Орду, разделил свою вотчину между Александром и его старшим братом, Дмитрием Грозные Очи",0.9262016415596008,3,0.8240409360990257,0.9088786840438843,0.8559426665306091,0.766446590423584,0.92620164
135,"Семён Ива́нович  И все князья Владимирской Руси, не желая наследника Калиты— Симеона Ивановича,— предлагали хану выдать ярлык на великое княжение Владимирское Константину Васильевичу Суздальскому, старшему из них по лествичному правуПока Симеон находился в Орде, в Москве вспыхнула первая крупная рознь между боярами, вызванная смертью московского тысяцкого Протасия Фёдоровича, который был тысяцким при Данииле Александровиче и Юрии и Иване Данииловичах","Пока Симеон находился в Орде, в Москве вспыхнула первая крупная рознь между боярами, вызванная смертью московского тысяцкого Протасия Фёдоровича, который был тысяцким при Данииле Александровиче и Юрии и Иване Данииловичах",0.9064804315567015,3,0.6936620799337779,0.8750767111778259,0.7977662682533264,0.9040290117263794,0.90648043
136,"Дми́трий Ива́нович  Сын князя Ивана II Красного и его второй жены, княгини Александры ИвановныВ правление Дмитрия Московское княжество стало одним из главных центров объединения русских земель, а Владимирское великое княжество стало наследственной собственностью московских князей, хотя при этом из-под его влияния вышли Тверское и Смоленское княжества","В правление Дмитрия Московское княжество стало одним из главных центров объединения русских земель, а Владимирское великое княжество стало наследственной собственностью московских князей, хотя при этом из-под его влияния вышли Тверское и Смоленское княжества",0.9552350044250488,3,0.865323056393342,0.8877286314964294,0.8807307481765747,0.8962235450744629,0.9552351
137,"Васи́лий I Дми́триевич — великий князь московский и владимирский с 1389 года, старший сын Дмитрия Ивановича Донского и великой княгини Евдокии, дочери великого князя нижегородско-суздальского Дмитрия Константиновича Был женат на Софье— единственной дочери великого князя литовского ВитовтаРодился за день до празднования памяти святого Василия Кесарийского, и получил имя в его честь, в дальнейшем изображал его на своих печатях[1]","Родился за день до празднования памяти святого Василия Кесарийского, и получил имя в его честь, в дальнейшем изображал его на своих печатях[1]",0.9115159511566162,3,0.5849955600401416,0.7508364915847778,0.5656887888908386,0.6482822895050049,0.911516
138,"Ю́рий Дми́триевич  Юрий был очень популярен как удачливый полководец и опытный дипломат, а также покровитель искусств и литературы Был женат на Анастасии, дочери великого князя смоленского Юрия Святославича"," Был женат на Анастасии, дочери великого князя смоленского Юрия Святославича",0.9474843740463256,3,0.5458599827493411,0.812876284122467,0.656598687171936,0.7992561459541321,0.9474844
139,"СостояниеотпатрулированаДми́трий Ю́рьевич Шемя́ка — Великий князь Московский, а также князь Углицкий, князь Галицкий; сын Великого князя Московского Юрия Дмитриевича и княгини Анастасии Юрьевны, дочери последнего великого князя Смоленского Юрия Святославича, один из главных участников Междоусобной войны второй четверти XV века[2]:32[2]:95[3]:194, 195, 212 В летописях Дмитрий Юрьевич упоминается с 1433 года[4]:106 Точная дата рождения неизвестна[4]:106, в литературе встречаются указания на разные годы"," Точная дата рождения неизвестна[4]:106, в литературе встречаются указания на разные годы",0.9212961196899414,3,0.4768851747661652,0.6542388796806335,0.19481129944324493,0.7989498972892761,0.9212962
140,"Ива́н Ива́нович Молодо́й — удельный князь Тверской, сын и наследник великого князя Московского Ивана III Васильевича и его первой жены Марии Борисовны, дочери великого князя тверского Бориса Александровича и сестры правящего в Твери Михаила Борисовича Как племянник Михаила Борисовича, у которого не было сыновей, претендовал на наследование Великого княжества ТверскогоРодился 15 февраля 1458 года",Родился 15 февраля 1458 года,0.7787773609161377,3,0.2283746562695983,0.4617166519165039,0.29061159491539,0.5098074078559875,0.7787775
141,"Васи́лий III Иванович, по прямому имени Гавриил, в постриге Варлаам — великий князь владимирский и московский в 1505—1533, государь всея Руси Сын Ивана III Великого и Софии Палеолог, отец Ивана IV Грозного В период его правления продолжился процесс собирания русских земель, в централизованное Русское государство вошли Псков, Смоленск и Рязань"," В период его правления продолжился процесс собирания русских земель, в централизованное Русское государство вошли Псков, Смоленск и Рязань",0.9328757524490356,3,0.5989297958895043,0.7743032574653625,0.5455304980278015,0.46466952562332153,0.9328757
142,"Фёдор I Ива́нович, известен также по имени Феодор Блаженный, Когда родился Фёдор, Иван Грозный повелел построить церковь в Феодоровском монастыре города Переславль-Залесский Этот храм в честь Феодора Стратилата стал главным собором монастыря и сохранился до настоящего времени", Этот храм в честь Феодора Стратилата стал главным собором монастыря и сохранился до настоящего времени,0.9120308160781859,3,0.6106069994284804,0.8011462092399597,0.6788274049758911,0.7402815818786621,0.9120307
143,"Ирина Фёдоровна, урождённая   Годунова, в иночестве Александра — сестра Бориса Годунова и супруга царя Фёдора І Иоанновича, номинальная правительница на русском престоле после смерти Фёдора І Иоанновича и до избрания царём Бориса Годунова с 16 января по 21 февраля 1598 годаО дате и месте её рождения сведений нет Она была взята в царские палаты в возрасте семи лет и воспитывалась там до брака[1]", Она была взята в царские палаты в возрасте семи лет и воспитывалась там до брака[1],0.9289221763610841,3,0.4464759966714501,0.6479339599609375,0.36839666962623596,0.4533889889717102,0.92892224
144,"Бори́с Фёдорович Годуно́в  По Государеву родословцу, составленному около 1555 года, у Дмитрия Зерно «было три сына: Иван, да Констянтин Шея, бездетен, да Дмитрей А у Ивана Дмитреевича дети: Фёдор Сабур, Данило Подольской, бездетен, да Иван Годун»[2]"," А у Ивана Дмитреевича дети: Фёдор Сабур, Данило Подольской, бездетен, да Иван Годун»[2]",0.8911264538764954,3,0.7007943235832772,0.8808844685554504,0.7976499199867249,0.807844340801239,0.8911264
145,Фёдор II Борисович  СФ,Ф,0.7310400009155273,3,0.0,0.4643765389919281,0.2953110337257385,0.1814517378807068,0.7310398
146,Васи́лий Иванович Шу́йский  После низложения жил в плену у поляковПоследний представитель рода Рюриковичей на российском престоле[3],Последний представитель рода Рюриковичей на российском престоле[3],0.9346836805343628,3,0.5521764657122344,0.8109992146492004,0.712185800075531,0.8468490839004517,0.9346837
147,"Князь Дмитрий Тимофеевич Трубецкой , шенкурский державецВместе с Дмитрием Пожарским и Кузьмой Мининым руководил освобождением от поляков столицы, причём на время после изгнания поляков и до избрания Михаила Фёдоровича был избран правителем государства За свою деятельность получил титул «Спасителя отечества» и был одним из претендентов на царский престол на земском соборе 1613 года", За свою деятельность получил титул «Спасителя отечества» и был одним из претендентов на царский престол на земском соборе 1613 года,0.9289615750312804,3,0.6036572379410836,0.762154757976532,0.6046434044837952,0.7845240831375122,0.9289616
148,"Михаи́л Фёдорович 1613годаРод Романовых принадлежит к числу древних семей московского боярства Первый известный по летописям представитель этого рода и нескольких других родов— Андрей Иванович, имевший прозвище Кобыла, в 1347 году находился на службе у Великого Владимирского и Московского князя Симеона Ивановича Гордого[2]"," Первый известный по летописям представитель этого рода и нескольких других родов— Андрей Иванович, имевший прозвище Кобыла, в 1347 году находился на службе у Великого Владимирского и Московского князя Симеона Ивановича Гордого[2]",0.9528259038925172,3,0.8385658242783195,0.9306204319000244,0.8729084134101868,0.9712108969688416,0.95282584
149,"Патриа́рх Филаре́т  Разрядные книги свидетельствуют, что в феврале 1585 года будущий патриарх был участником приёма во дворце литовского посла Льва Сапеги[7][8][4], а в следующем году имел чин боярина и исполнял обязанности нижегородского наместника[8][4] В 1593—1594 годах Фёдор Никитич упоминается уже как псковский наместник[8]", В 1593—1594 годах Фёдор Никитич упоминается уже как псковский наместник[8],0.9131938219070436,3,0.48157690525635655,0.7994140386581421,0.5894144773483276,0.8494135737419128,0.91319376
150,"Фёдор III Алексе́евич Фёдор Алексеевич, третий сын царя Алексея Михайловича и царицы Марии Милославской был крещён во имя святого Феодора Стратилата В марте 1669 года умерла его мать", В марте 1669 года умерла его мать,0.9354191422462464,3,0.46309265190631554,0.5754862427711487,0.4879428446292877,0.6228746771812439,0.93541914
151,Иоа́нн — русский царь в 1682—1696 годах из династии Романовых Сын царя Алексея Михайловича Тишайшего и царицы Марии Ильиничны Милославской Старший единокровный брат и соправитель Петра I, Старший единокровный брат и соправитель Петра I,0.9396268725395204,3,0.45378014778399,0.6891687512397766,0.5280247330665588,0.7075253129005432,0.9396268
152,"А́нна Иоа́нновна 1710 года была выдана замуж за герцога Курляндского Фридриха Вильгельма Овдовевшая через 2,5 месяца после свадьбы, Анна была отправлена Петром I в Курляндию После смерти Петра II была приглашена в 1730 году на российский престол Верховным тайным советом как монарх с полномочиями, ограниченными в пользу аристократов— «верховников», но при поддержке дворян восстановила абсолютизм, распустив Верховный тайный совет"," После смерти Петра II была приглашена в 1730 году на российский престол Верховным тайным советом как монарх с полномочиями, ограниченными в пользу аристократов— «верховников», но при поддержке дворян восстановила абсолютизм, распустив Верховный тайный совет",0.9322363138198853,3,0.7574040194244163,0.8773179650306702,0.8420659899711609,0.9156307578086853,0.9322363
153,Ива́н VI — российский император из Брауншвейгской ветви династии Романовых Царствовал с октября 1740 по ноябрь 1741 года Правнук Ивана V, Правнук Ивана V,0.8894984722137451,3,0.33436953578969186,0.6321194171905518,0.4513660669326782,0.6404056549072266,0.88949853
154,"СостояниеотпатрулированаЕлизаве́та Петро́вна , младшая дочь Петра I и Екатерины I, рождённая за два года до их вступления в брак Она руководила страной во время двух главных европейских конфликтов своего времени: Войны за австрийское наследство и Семилетней войны За время её правления обследованы и заселены земли Сибири", За время её правления обследованы и заселены земли Сибири,0.9109939336776732,3,0.4977726801673025,0.6575241088867188,0.45217105746269226,0.5950712561607361,0.91099393
155,"СостояниеотпатрулированаПётр III Фёдорович — император всероссийский в 1762, первый представитель Гольштейн-Готторп-Романовской династии на российском престоле C 1745 года— владетельный герцог Гольштейн-Готторпский Внук Петра I— сын его дочери Анны и Карла Фридриха Гольштейн-Готторпского", Внук Петра I— сын его дочери Анны и Карла Фридриха Гольштейн-Готторпского,0.8637539148330688,3,0.6235140139194454,0.8245577812194824,0.6098681688308716,0.7764572501182556,0.8637539
156,"Гео́ргий Евге́ньевич Львов  Старший брат Алексей с 1896 года возглавлял Московское училище живописи Другой брат, Владимир, руководил с 1901 года Московским главным архивом МИДа"," Другой брат, Владимир, руководил с 1901 года Московским главным архивом МИДа",0.9352235794067384,3,0.6668563211398951,0.8405841588973999,0.7692484855651855,0.9067879319190979,0.9352236
157,"Алекса́ндр Фёдорович Ке́ренский[1][2][3]  1917 года, свергнувшей Временное правительство, и безуспешной попытки вернуть власть сложил с себя все полномочия С июня 1918 года — в эмиграцииС отцовской стороны предки Александра Керенского происходят из среды провинциального духовенства",С отцовской стороны предки Александра Керенского происходят из среды провинциального духовенства,0.9012470245361328,3,0.5705018637512171,0.7357060313224792,0.41217079758644104,0.5633692145347595,0.901247
158,"Лев Бори́сович Ка́менев ; с 1922 года— заместитель председателя СНК и СТО, а после смерти Ленина— председатель СТО до января 1926 года Член ЦК в 1917—1927 годах, член Политбюро ЦК в 1919—1926 годах, а затем кандидат в члены Политбюро Член ЦИК и председатель ВЦИК СССР", Член ЦИК и председатель ВЦИК СССР,0.8788579702377319,3,0.4939075866934042,0.6649443507194519,0.5306758880615234,0.4627501666545868,0.87885803
159,"Я́ков Миха́йлович[прим 1] Свердло́в[6]; партийные псевдонимы: Андрей[7], Андрей Уральский[8], товарищ Андрей[3], Макс[3], Махровый[9], Михаил Пермяков[3], Михалыч[10], Смирнов[3] и др[прим",[прим,0.7369852066040039,3,0.399690844833396,0.3125380575656891,0.05896225944161415,0.05048760026693344,0.7369852
160,"СостояниеотпатрулированаИо́сиф Виссарио́нович Ста́лин — российский революционер, советский политический, государственный, военный и партийный деятель С 21 января 1924 по 5 марта 1953— руководитель СССР[2][3] Маршал Советского Союза[4], Генералиссимус Советского Союза[5]"," Маршал Советского Союза[4], Генералиссимус Советского Союза[5]",0.9017794728279114,3,0.5863939430887708,0.7536619901657104,0.6387189626693726,0.860227644443512,0.9017793
161,"«Больша́я росси́йская энциклопе́дия»[1] — российская универсальная энциклопедия на русском языке[2] Издание состоит из 35 нумерованных томов и тома «Россия», и содержит более 80 тысяч статей[3] Энциклопедия издавалась с 2004 по 2017 годы научным издательством «Большая российская энциклопедия»", Энциклопедия издавалась с 2004 по 2017 годы научным издательством «Большая российская энциклопедия»,0.9034407138824464,3,0.6817844638254216,0.7777957916259766,0.6698662042617798,0.7789304852485657,0.9034408
